FQ,lab1,lab2,non1,non2
F6ZLC6,921.32,0,0,303.3674384
A0A1L1SQV7,17821,6621.523147,4413.130565,5166.555405
Q01149,11471,46160.62914,5384.415414,11526.57067
Q5RIU1,3619.8,7809.348163,1885.105701,2182.818764
Q3V0W6,1364.8,0,0,569.7339673
F6WM66,4368,7241.798139,2039.646059,3104.753018
Q8CJI4,13524,7854.745794,8524.998645,4029.384259
Q8K3J1,16105,21422.90284,8636.147823,10239.84729
Q925N0,4409.3,3973.009462,0,3792.571478
Q99LI2,7221.9,10670.51391,4202.559555,4969.762418
P07309,7905.3,25057.89907,4512.422094,10360.77667
A0A2R8VHF9,12321,20784.15021,6150.471708,10623.51532
Q810N9,14790,19390.36332,9538.111027,9839.649351
B7ZCB8,1290.7,1304.919045,711.1332249,820.2230779
Q9QZE5,2352.7,2357.490981,0,2435.552463
A0A0U1RP13,11880,9956.098565,8702.342176,5818.965047
Q5HZI2,8056.9,4681.531076,4803.260272,3954.216646
E9Q9I2,7323.8,6395.968604,7234.729989,2614.94554
Q8JZQ2,30196,24549.76418,17385.13878,18480.44487
Q8C7D2,3832.9,6399.632273,2423.13027,3789.526494
O35954,14443,15737.8452,0,16870.08316
P70188,17288,17204.90546,7022.074116,14808.19378
P04187,15360,12824.43235,11050.41743,8878.304299
Q5SUT0,10483,11279.6386,6228.263103,8092.002347
P62855,13294,8691.655092,8688.269361,7495.185419
A0A0G2JFP9,21369,25516.65407,15914.00838,16450.74532
E9Q812,4410.5,5946.611709,3065.397914,3880.963023
Q9Z1J3,4695.6,5516.051025,3568.761661,3576.203592
D3Z2X2,14737,17625.43088,10737.03669,11837.15907
D3Z4E3,16527,31647.72352,10301.43094,20116.03645
Q68ED7,16846,23866.41038,11860.77703,15797.37868
Q9R1P3,25970,42028.64833,17791.68677,27456.18867
P62317,62952,49038.9982,43431.57402,41732.81518
Q5F2E8,13122,17591.97999,9886.543504,12078.14783
A0A0G2JGW5,10942,12186.47618,6728.629861,9881.409136
Q9JJZ2,9992.8,10868.82987,7842.33681,7769.669006
A0A1D5RMH2,5975.2,9500.051492,4394.757724,6403.341039
Q8K2C9,9517,21056.536,6550.2439,13412.72096
Q9QYE3,13559,7889.630289,7873.088517,9270.672279
P24668,12735,12069.0795,9093.38401,9870.099194
G3X9N3,7899.3,7248.488316,5644.632189,6009.320067
A0A1W2P7H9,12195,17411.98237,8905.746475,12238.227
Q8BWT1,13286,16577.30313,10529.07176,11624.01017
F6V9F1,17259,14939.00619,15089.18506,10963.68356
Q8CGP0,4678,2224.483888,2616.110262,3089.615096
Z4YLQ1,16559,20924.32535,13038.20256,14999.59279
P51880,12073,9313.363693,9909.867892,7740.350157
Q3UHX2,14453,16196.6002,10574.5478,12761.09431
Q922H2,4280.1,3627.668891,3108.65879,3204.106507
A0A087,13639,16386.15521,16628.07345,8164.646973
Z4YKQ9,4273.2,4728.680895,3331.869274,3645.890233
A0A2I3BRT5,4204.6,4946.430231,3486.930847,3607.262432
Q8C729,14133,18762.76099,10544.70822,14019.10784
Q9CZS1,17685,22909.07789,13074.68764,17373.81057
P32921,17717,22026.61168,13763.99497,16500.33506
B1AZ85,9577.4,10491.63131,7897.325032,7896.427353
E9Q7U8,5848.6,7094.773532,5061.131578,5023.87614
D3YV69,32814,40603.00344,27382.04963,29283.17927
Q8BUV3,53103,55729.1753,42898.6313,43461.49628
Q9CPY7,27838,34659.89611,23485.96472,25044.56108
E9PUC2,14636,15453.51267,11555.73574,12302.60667
O35215,15923,46767.52378,8399.38574,31654.78706
A0A1W2P6P9,12576,19705.75738,9982.577436,13892.95849
P62309,9540.7,13265.0283,5525.795084,11050.68312
Q60648,4846.8,5204.00205,3827.154182,4139.090694
A2ARF6,33098,30704.72712,25931.76786,25936.30649
P48722,271130,276798.1133,174555.0285,251072.0076
A0A286YDF2,34888,48454.40415,30287.82534,33800.19601
A0A1B0GS66,5163.8,6910.634372,3683.298739,5404.325181
S4R1N6,8157.1,10055.1769,7071.980488,7300.567421
A0A1Y7VIQ5,10723,10568.09048,8313.776115,8877.434304
Q9R0X4,14565,13874.63087,11102.01775,11972.00837
O88531,23952,20276.01533,13848.69247,21331.4202
A0A1C7CYU3,13569,19229.48049,11463.87153,13738.96928
Q99MN1,17677,20522.91473,14062.39077,16159.29682
P55088,8814.7,9955.461405,7019.858951,7912.783269
P51150,26299,28778.91186,17768.23207,25281.19987
Q8BSH2,8090.9,8983.633536,6581.516822,7102.121442
Q9D0S9,10712,12133.9105,9288.318559,9170.622794
P36993,17190,14490.12716,14045.45127,12674.09476
I7HLV2,16903,15251.05517,12668.53056,13808.56892
J3QN87,6899.7,8947.634011,5918.921779,6587.954089
Q91ZA3,104910,106316.4716,78961.52297,92297.8249
Q08331,10029,7725.56166,8418.279797,6961.443166
P06801,68270,51034.90103,52255.75029,50023.00251
Q60771,81801,85242.41374,55671.01402,77471.36122
Q5PPR2,18069,20060.97393,14354.27138,16402.02557
Q9DBH5,10497,16094.65464,8369.285552,11930.24859
Q99KR7,37099,34796.88545,28191.2365,31308.52884
Q8C170,9461,7849.648516,7734.18462,7084.634532
P26041,10482,11702.39408,8581.941425,9460.331303
Q80YD3,7271.1,8394.89795,6194.123496,6567.596193
E0CXI9,6475.8,6498.39203,5310.272527,5479.492794
S4R2H5,3753.7,3489.564521,3194.007807,2953.373798
Q9QYP6,30851,32012.49746,26267.95177,26151.19539
K3W4L8,3399.3,6211.829444,3092.240506,4196.597398
Q920G9,16657,16924.55518,14123.63358,13986.918
P98084,17676,19382.39882,14677.42491,15828.69852
Q6NS52,39465,36123.77058,33104.99443,31324.18876
Q9JKR6,22929,26149.03509,19148.14978,21058.2416
A0A1L1SUR7,13792,13910.94898,10588.88122,12347.84644
D3YU17,2695.6,2575.877476,2151.967972,2285.130237
O35127,10311,11192.02914,8882.812999,9044.473444
Q80YR4,22488,23686.41276,17997.56684,20274.37564
Q9DBE8,18762,20210.70646,14861.15333,17271.1511
A0A1B0GSH5,10048,12175.96305,8258.527286,9793.539588
Q6ZWZ6,55855,54808.4795,47167.3852,46653.50985
G3UYF9,12027,12165.44991,10513.5656,10027.56838
D3YZE7,5458.6,7030.57969,4429.809457,5615.560094
A0A1D5RL90,6038.3,6260.412873,5210.199175,5187.348298
Q8K4T5,18563,18796.21187,15928.34181,15782.58876
Q91WK5,57591,50064.82535,47422.78074,45794.82427
B1ASP5,7093.1,7698.482371,5699.229499,6572.468168
B9EI21,2589.8,0,1205.310551,1449.412539
Q0VE82,39855,38126.04501,33115.41874,33450.45781
E9Q9P4,6389.6,8572.665513,5129.410792,6841.992781
Q9WVK4,15733,17915.33855,14024.60266,14173.96704
B9EKI5,13008,21319.36438,10727.65481,15875.67828
Q9QYB1,3524.1,3814.675271,2927.015232,3219.157429
A0A0R4J083,26334,28813.95564,21850.65149,24268.52508
O54983,140480,133945.3102,120602.7222,115961.7031
Q8VEH5,12093,11476.52096,9521.301831,10533.03578
Q61768,4781.5,5165.294597,4207.902012,4213.997309
P0DP60,28122,29417.66448,23373.90341,25202.03027
Q9DCN2,32224,27079.28829,26503.80173,25428.22911
Q8BH40,31212,43256.7737,25662.0389,34008.99494
F8VQJ3,20240,30104.20408,18315.50822,22068.3064
Q8JZR6,15936,20033.89464,12832.19219,16436.82539
E9Q616,16380,13755.00413,12646.90012,13501.4605
J3QQ00,17844,19267.71007,14566.66664,16556.88477
P67984,2111,1963.885561,1891.881501,1673.349386
Q9QUR6,7099.6,7870.993367,5404.482205,6967.098137
G3V004,14532,16212.52919,11907.68642,13756.36919
Q9DB50,15376,16534.29485,12715.17933,14167.87707
Q9D1K2,71418,69058.55674,60609.52968,60524.71845
A0A494BBG8,20936,21489.80461,17137.56147,18857.15293
Q9EQF6,56536,49768.54608,47798.05581,45373.74644
Q64010,25198,31727.36848,21505.3463,25375.15938
P26048,6884.7,7618.200246,5977.428204,6286.58764
P57759,20829,23520.75123,18720.75317,18857.15293
Q99KK7,5800.3,5801.817161,5133.971427,4894.942803
Q60597,132970,137941.8946,112123.8511,118693.489
D3Z6Z0,35465,36751.37291,31017.52686,30926.60081
Q6NS60,9010.4,10867.07768,7774.709115,8776.514823
Q6ZPJ3,23198,23801.10151,18924.02716,21032.14174
P20152,251150,238552.6009,192106.9562,225842.1375
Q9Z2X1,14933,16187.0428,12729.90367,13691.11953
Q8CHX7,9040,11516.9806,7828.003387,9161.052844
D3YTK7,12820,17576.051,11751.58241,13253.51178
Q5VCS6,10351,10910.56383,8642.011496,9452.501343
B2FDG7,12229,12739.8494,10261.68827,11055.90309
A0A0A6YW23,6962,7516.89185,5716.038695,6526.793403
O70589,17740,17967.90423,14617.48514,15946.14792
Q61595,24538,19686.64259,19054.33101,19968.13721
P62823,36594,40878.57502,36298.74163,30938.78074
D6RIN4,40564,37127.29715,33712.21034,34156.89418
Q9EQE2,38670,40125.13365,33107.60051,34557.09212
Q8CIV8,35315,32232.31756,29414.78959,29669.45728
Q922R8,120010,132683.7339,105543.507,110037.0336
Q9WV98,62113,56786.86045,53236.93823,51266.22611
Q3UQ44,30651,34156.53993,26583.28707,28534.98312
Q99KP3,3569.6,3815.15314,3361.708854,3055.511272
A0A1D5RLS1,42084,41243.34897,37023.231,35702.00622
P17156,134580,119266.743,114401.5623,109793.4348
P62192,18117,17490.03444,16347.92018,14951.74304
D3Z2H7,5241.6,4231.21844,4053.23135,4317.526776
E9QA63,127570,167987.1614,113799.5585,131273.6243
E9Q2W9,6990.8,7271.107486,5844.518284,6383.76614
Q3TJ56,38266,40845.12414,32216.32222,35402.72777
P62073,57356,54279.63693,51489.56369,47058.92777
Q99JI4,26675,29784.03132,22366.65471,25550.02848
Q9CVB6,25498,44790.73573,17980.62734,35835.98554
Q6Y685,13051,12025.43406,10949.95317,11082.87295
A0A0G2JFF1,67187,67513.44441,57784.54236,59269.31491
Q9Z2I8,19774,22856.51222,15937.46308,19847.20784
Q8BIW1,23171,23745.35003,17854.23261,22103.97622
Q6DFV8,22054,26483.54395,20904.64558,20606.71393
A0A140LHK6,10550,11407.70771,9140.814609,9730.029915
Q8R001,107890,115908.9113,96695.87605,96961.0009
P84104,56799,57301.36692,48542.09075,50559.78974
E9QN44,10322,9166.498377,9147.460105,8286.185347
A2A547,10398,11311.49659,9562.868757,9293.292163
Q8BGD5,1706.6,2903.855444,1580.715923,2107.82515
D3YXG2,18606,16991.45695,15355.0049,15982.68773
Q05793,15849,21263.61291,14567.96968,16449.87532
Q9WV54,21076,20527.69342,18263.38668,18255.11603
Q9WUM3,69301,70715.17202,66259.50433,57703.32297
A0A3Q4EH04,30584,34921.1316,25377.97652,30141.86485
Q9CQX2,40989,39860.71236,39724.42967,32697.04169
Q8K4G5,24895,26720.88595,21565.28607,23007.03157
Q3UVL4,13151,16942.07707,12389.55003,13096.04259
P70296,141660,132013.1233,115781.48,124435.4595
H3BJE9,8571.4,11074.15459,6795.606037,9412.481549
Q9CXT8,7427.6,8449.056527,6672.859816,6990.849015
Q9JI91,21992,21978.8247,19347.51466,19260.83086
Q8CGA0,28033,31668.43121,23746.57241,27227.37985
Q9CPU4,12230,11567.31622,11058.62657,10143.27779
A0A2R8W6G1,26524,27181.23385,22229.83567,24366.83457
A0A2R8VHM1,11810,12204.63523,10050.85665,10805.34438
Q62465,16090,15791.04803,13826.54081,14165.26708
A0A338P6X2,21341,24044.8151,20031.60983,19424.39001
P60764,63920,65084.27296,56742.11161,56434.8695
F7BX42,107040,111402.5991,93513.85619,97048.00045
A0A0G2JFI6,13922,18386.83675,13046.02079,14242.69669
Q9DBS1,14252,11565.08616,10572.59324,12340.01648
A0A0R4J2B2,30233,29885.97688,22509.98893,29190.08974
Q9QYJ0,13406,14522.7816,11877.45593,12431.36601
Q9CR26,28292,29400.14259,24957.09511,25602.22821
A0A0A6YY72,12548,12652.39923,11182.67583,11065.47304
Q920I9,27344,27770.60659,20641.43182,26725.39243
Q8BTI8,4869.7,4242.528026,4326.348206,3928.11678
E0CXB1,50566,54048.66653,42751.38795,47975.03305
Q8BGN8,85676,84431.62799,77749.69723,73676.44075
P17742,753900,679212.2663,646932.5213,637184.7201
A0A0N4SUX2,6505.3,8352.048959,6171.320323,6521.57343
P23242,33419,32049.13414,29339.21336,28918.65114
Q920P5,30294,29589.69761,26743.5608,26422.63399
F6RJV6,71977,79060.37152,62874.21048,68232.87877
D6REG4,14904,18284.89119,13048.62687,15211.8717
P63028,43630,50651.0123,38003.1159,43026.49852
P53657,18269,20949.81174,15914.00838,17880.14796
Q9CZY3,54586,54286.00853,49643.15823,47299.04653
A0A140LJB1,14581,18182.94564,12547.8692,15209.26171
Q5NCM6,9999.4,8360.172745,7972.901261,8512.645181
O88952,12913,13767.90662,12027.82656,11534.40063
Q9CXD6,18723,21631.57265,15856.67469,18735.35356
F6VG18,2644.1,3133.551525,2256.732262,2680.369203
P14206,15044,16709.51378,13142.44564,14411.47582
Q8BUK6,13595,13679.34142,11880.71352,12211.25714
Q00PI9,2690.8,2437.454526,2393.681602,2235.714492
Q8K396,9213.6,8716.185741,8016.813656,7991.256865
A0A0N4SVT3,36424,44472.15587,29623.27574,38689.57085
P56942,6763.6,6989.323598,6070.204541,6084.661679
A0A0N4SVB8,45281,44870.3807,42077.71708,38706.97076
G3UYQ2,5051.8,6085.193949,4254.29018,5234.415056
Q91ZP9,27787,25258.60438,24805.94265,23161.02078
E9PXA7,23515,20436.89816,15358.91401,22832.16247
Q9CZU6,99486,105449.9344,89130.43491,91340.82983
Q6PGF7,9611,9139.100508,7947.1011,8669.505374
Q9JKK7,71346,66049.56994,62690.48206,60870.10667
P08752,31011,33172.12816,25242.46053,30359.36373
P62962,91036,94737.68654,77796.60661,85148.2017
D3YZP9,19247,18796.21187,16678.89194,17143.26176
Q921W0,35766,38229.58347,32680.2039,32648.32194
E9Q3H7,31002,20494.24254,26880.37984,22038.72656
P27659,65816,67401.94146,60404.95265,58240.11021
E9Q4T8,19196,18627.36455,16483.43618,17154.5717
Q3TZZ7,9642.1,11000.24406,8204.060279,9611.710524
P47911,72272,72333.55772,65945.47206,63296.52418
P61222,6996,7225.231986,6259.536025,6343.659346
B1ARW4,19771,18955.5018,17399.4722,17285.07103
A2APX3,90418,93592.39193,75845.95808,85551.87962
P46664,47084,48268.03493,42127.23254,42534.95105
A0A2I3BQF4,28262,30233.22893,25887.46455,25862.35687
O35737,15643,16110.58363,14419.4233,13901.65844
Q61411,53579,50475.79337,48329.69549,45673.0249
Q8VHL1,38954,38321.97163,35303.22027,34053.36471
A0A2I3BQL9,63467,59994.95966,54929.58515,55902.43224
P62077,25098,24157.91095,22701.53558,21713.34823
P57780,50178,54975.73393,45310.55544,47306.00649
Q7TMM9,741130,715896.7375,644339.4748,660413.6005
Q7TME2,16112,17036.05813,14736.06164,14720.32423
Q8VCR4,9716.2,10984.31507,8508.319753,9539.500896
B2RUJ2,6555.9,6591.25806,5505.728292,6124.855472
P61226,45411,43366.68375,39416.9126,40362.57223
D3YWG9,14692,14725.55768,12472.81419,13646.74975
Q9D1E6,40621,43656.59142,37511.87041,37411.54742
P52480,32976,33205.57904,29658.45778,29659.01733
Q9D4I9,28233,37038.09479,25303.70333,30435.92333
E9Q1U8,27958,26595.0469,23942.02817,25065.44098
P68369,30123,32636.91399,24080.15024,30462.89319
Q62433,13972,16116.95523,11423.60764,14525.44523
O08583,23061,25953.10848,21752.9236,21683.76838
Q6ZQ06,17356,19812.48163,15980.46334,16747.41379
Q9JHG6,17876,18143.12316,16114.6763,16181.9167
O54984,5793.7,5367.433519,5301.672473,4895.899798
Q8BVT9,12011,11481.93682,10835.02518,10460.82615
P68372,162550,175840.155,139399.0516,158226.0855
P84078,68285,75815.63562,61417.41351,65693.36185
F6ZL69,11679,10513.9319,9912.083057,10214.61742
A2RTH5,33535,33339.38258,30448.09907,29828.66646
A2ADI4,7510.9,7747.38438,5898.203468,7460.211599
Q99MN9,52126,53000.53878,43183.99671,49832.47349
Q8C5P5,5533,5633.925574,4774.984338,5166.729404
Q8R1N4,20613,24798.25648,18940.96666,20695.45347
Q9CPP6,18332,19790.18104,16482.13314,17340.75074
Q5FWK3,9735.9,11996.60258,9054.292857,9869.229198
P61971,6492.9,6676.318883,6024.207284,5826.09901
P13020,26544,27015.57232,25370.15829,23164.50076
B2KGR2,22628,21042.1999,20827.76632,19139.90148
P16297,6551.7,7095.410692,5638.2473,6386.028128
Q9D1T0,51020,47606.98172,45796.58877,44057.44322
P34914,23086,23977.91333,21270.79938,20987.77197
A2ACG7,17440,20266.45794,15632.55208,17399.91043
Q8R0Y6,131840,145315.4255,119844.3538,125853.5522
G3UX45,9766.5,11002.7927,9823.997659,8830.454545
Q8CJ61,14514,16954.82027,13169.80944,14428.00573
Q8R4N0,64113,59853.19162,56633.95942,56053.81146
P62830,19784,19497.08757,18234.71983,17389.47049
P08249,559060,488908.5856,482945.1345,477079.4442
F7BJK1,130460,120800.7051,118249.4348,111594.3256
Q91VN4,152420,159767.8009,143373.3188,137737.691
Q8R1Q8,37011,37234.0214,33957.18157,33115.50954
P40240,28353,56524.03206,18047.0823,46935.3884
P10711,14966,14911.9269,13466.90221,13504.94048
A2ALU4,13516,12979.10288,12165.29712,11911.97868
E9QMK3,99010,97160.48639,87983.76108,89278.94044
Q9DB05,88964,101674.763,78560.18714,88922.24227
E9QN08,32209,32057.09864,29466.91113,28766.40193
A0A1W2P6P1,55824,50646.2336,49795.61372,47857.58365
Q6P069,36357,39255.41063,32250.20122,34933.80018
Q9Z1N5,19925,22187.49451,19264.1202,18476.09489
Q6P8X1,88239,83751.45999,76146.95996,79523.68065
Q8BMS4,8822.8,8909.245138,7514.49234,8329.772123
Q99K48,28368,31179.41112,25250.27876,27533.61827
Q8BP92,42993,43919.41981,36512.43994,40976.78907
A0A494BBE3,64821,62392.27312,53235.63519,60788.32709
Q9D1G1,38504,36101.46999,34259.48648,33807.15598
P60867,5911.8,4724.698647,4720.647636,5076.684868
P59242,36794,21596.52886,32469.11168,24997.58133
Q3TY60,26976,28321.74975,23534.17714,25786.66726
A0A2I3BRQ3,8515.1,7174.577788,7708.123851,6925.860349
Q5DQR4,27192,29863.67629,25396.21906,25644.85799
A0A1Y7VKP8,9524.8,9502.759421,8357.297599,8786.954769
P62259,473310,463151.4037,415955.9286,430978.3815
A0A0A6YVU8,9363.3,9863.391825,8536.725991,8728.665069
Q91XD7,27775,18843.99885,25401.43122,19776.7382
H3BIW6,44765,37895.07461,37841.53914,38332.00269
Q9CR61,15484,18541.34798,14338.63492,15590.31975
Q8R464,73566,63289.07543,61509.92924,64042.98034
Q8BFR5,146840,146862.1307,130262.1461,134840.6059
P10922,92366,84109.86233,86809.72346,76760.57488
Q9EQQ9,5393.5,5594.580961,4992.591757,4932.004613
P08122,18930,22730.67317,17475.04843,19148.60143
Q9D8E6,7832.2,9294.408191,6914.964357,8072.775446
H3BL58,931.22,1637.500492,354.1528157,1582.956852
Q9CR98,38189,36686.06404,32367.47468,35240.9086
P84086,88084,75890.50189,79898.40761,72766.42544
O09114,30793,28896.78641,25835.34301,28237.44465
A0A0J9YUD8,5884.6,6837.520294,5118.204662,6044.032888
Q6P4T2,10790,10928.4043,9664.375451,9957.098746
Q99JW2,2605.3,3407.052337,2201.092521,2941.541858
P70404,11607,11765.47289,10441.76818,10690.50497
F6X0V1,13302,11785.22484,12049.84791,11205.54232
A0A494BAH5,18621,16435.53509,16470.4058,15920.91805
Q9D6F9,72719,69147.7591,61105.98732,67235.86391
G3UY33,24505,25855.94162,23032.50734,22519.83408
Q93092,91244,95468.82732,79781.13415,87434.54993
J3QQ44,15152,13951.24933,13685.81266,13126.49243
G3X956,4520.3,4844.962545,3927.618445,4420.360246
P63024,6248.6,7416.539193,5855.594111,6249.177833
A2AL12,41283,33353.71868,35866.13287,34022.91487
A0A286YCF6,24984,31714.62529,23584.99564,26078.98576
Q5NC45,4467.1,5111.13602,4289.993433,4287.51193
P14733,117810,132481.4357,106764.454,116022.6028
P60840,21933,20599.37389,20126.73164,19059.86189
O08749,268370,232435.8675,241739.6901,224789.4429
O88587,12604,15441.24734,12284.65544,12585.35522
A0A3Q4L2U5,12195,14215.51132,11650.98785,11911.10869
Q9Z140,339230,314788.7619,317341.98,288734.1137
F6ZQQ3,36017,34263.26418,31457.95385,32649.19194
O09118,3135.8,3186.754362,2876.717949,2869.941227
P50396,150030,145229.4089,132414.7656,136615.3968
O88704,37316,43803.13816,37808.96318,35228.72866
P40142,134330,127309.2917,114952.7475,123243.5656
P42125,53709,54290.78723,48291.90737,49723.72405
Q9CWU3,26860,26588.6753,23538.08626,24961.91151
Q60865,22223,20202.74196,20090.24656,19198.19118
P47791,30409,30491.27862,27784.68851,27745.89718
Q9D1M0,23206,27080.88119,21363.31511,23321.96995
M0QWY0,9301.8,8587.638767,8547.280602,8028.579673
P13645,108920,127380.9721,100232.3224,109671.6355
P97355,62313,56702.43678,56138.80482,54078.05163
Q8BHN3,25873,28388.65153,25161.67214,24067.55611
P70704,91098,88479.18514,84366.52639,80826.93395
Q9CQN3,8562.9,9408.459782,8006.389349,8190.659839
Q80X50,35085,27072.91669,33007.26655,26688.85262
P62331,15243,15630.64307,14175.75511,13977.34805
P48668,74037,74208.40021,72670.45342,64342.2588
Q9EP69,5859.9,5710.066161,5244.338782,5336.378531
Q8BH58,20694,21336.88627,18959.2092,19244.30094
E9Q8N8,70903,71885.95302,65299.165,65014.76534
Q9D0R2,19664,22377.04952,17189.68301,20083.84662
Q99LT0,35522,31399.23122,31881.44134,30429.83336
P19536,100720,74405.91973,89731.13562,78131.68782
P62315,17688,16339.96113,16986.40901,14839.51361
Q5SVL6,16652,15997.48778,15472.27836,14686.3944
A0A0G2JDX4,33631,33680.26304,25139.52049,34557.96211
P12787,110190,102104.8459,93160.73278,101171.7792
O70250,20830,22273.51107,20092.85264,19217.33108
P70670,67638,66090.98532,62140.59984,60897.94653
Q9CQ91,14456,13136.16275,13074.68764,12575.78527
Q9WUK2,24938,32372.4927,23799.99698,26606.20305
A0A1D5RML0,13105,14414.94232,12151.094,12693.23466
F6RCU2,52604,50251.19457,46975.83855,47678.36458
Q9JII6,171160,180666.6399,153002.7728,165194.7497
Q9CR62,54314,51138.43949,49666.61292,48029.84277
Q6NZD2,8135.7,9492.883445,7614.17478,8159.687998
A0A0R4J094,11497,12118.1408,10714.10321,10798.38442
A0A0R4J0M1,20355,20629.63898,18120.05245,19201.67116
Q8C419,34923,36428.01435,31842.35019,33067.65979
Q9JKB1,39441,39343.02009,34981.36978,36940.00985
P24527,26209,26939.11315,23955.05856,24545.18365
P05213,513570,523044.4178,441886.3935,496576.0439
Q3UJU9,27018,26113.99131,23655.35972,25027.16117
Q6URW6,26305,28151.30953,22855.29412,26098.12566
Q9CPT4,17187,19059.04026,14796.00141,17539.97971
Q9DBC7,41977,45300.46351,39190.18392,40086.78365
P55012,21662,27178.04805,19356.63592,23512.49897
A2A9X5,45230,54638.03928,44544.36884,45098.82785
A0A2I3BR94,44654,42774.1252,39534.18606,40917.62938
D3YYD5,24354,21290.69219,20563.24951,21781.20788
A0A0H2UH27,29152,31490.02648,27658.29378,27591.03798
P41241,14728,23234.02935,13468.20525,18614.42418
Q8BJY1,42739,43682.07781,38942.60661,40095.48361
Q6P9K8,83297,82300.32871,77833.09169,75200.67291
Q9EPJ9,41453,43698.00681,38625.96827,39129.78858
Q9CRB6,39264,33984.50681,33189.69193,34959.90004
Q63912,16053,18614.62135,13474.72044,17151.09172
P60761,51760,98387.01886,47736.813,75146.73318
Q9R111,106750,92633.46655,97588.45737,90296.8352
F8WI35,53357,112245.2429,50942.28754,82762.67398
P62806,94031,229058.921,76175.6268,173503.2069
Z4YLR9,13137,14317.1383,12219.50351,12721.94451
F6SH61,8976,8970.093891,8277.160735,8260.34648
A0A1W2P799,52464,50913.84069,47937.48092,47684.45455
Q3UGX2,14427,17633.39538,13193.26414,15258.85146
P17182,1275300,1109661.447,1128405.222,1108287.295
Q3TMU8,80026,72503.99795,74290.13019,68941.05513
Q4VGL6,1806.8,1756.80865,1706.198524,1608.273721
Q9CPQ1,88414,88749.97803,80886.11074,82097.9974
E9Q3M9,21501,28508.11897,20447.27909,23557.73874
P63101,962530,925649.7188,850310.7599,890179.4178
P56480,579300,558502.3565,529111.7862,525007.4975
Q68ED2,13648,19514.60946,13606.32732,15384.13081
P62484,19009,25867.09192,17970.20303,21306.19033
Q99LF4,26951,27590.60897,26510.31692,24147.5957
Q91VD9,294800,287948.4085,271553.2095,268350.1187
Q61941,21876,22956.86487,18572.20679,21916.05719
D3Z7P4,130290,116896.5089,117134.0339,114439.2109
P80315,55528,56630.75631,51460.89684,51793.44339
D3YUK4,83610,77319.33257,74976.83144,74945.76422
D3Z2H9,122210,98445.95613,113265.3128,98448.69324
P47746,31263,24325.16538,31130.89121,23240.19037
Q6P1J1,223940,194158.497,202713.689,191842.7125
P02802,137540,76704.47343,131202.9398,88087.04657
P97384,28862,28571.83495,26552.01415,26562.70327
Q3V2Y9,16190,17548.97171,14508.02991,16070.55728
O55057,7250.5,8097.503649,6979.985975,7016.861881
Q9CQJ8,58866,59450.18809,53716.45637,55239.49566
Q9QYB5,16589,17209.68416,15357.61097,15692.97922
P63216,22623,26177.70728,20150.18633,23542.94881
A0A1B0GSA1,18408,17029.68654,16432.61768,16597.77456
Q9DCR2,40210,39569.21179,36574.98578,37221.01841
P35438,58948,74980.95638,56675.65665,62644.89754
A2A5R2,2717.5,2771.166932,2469.127527,2576.143739
P61161,150500,152571.0818,142591.4957,138233.5884
P35486,185070,176620.6756,171727.4351,165890.7461
Q99KY4,14665,17582.4226,14114.51231,14943.04308
A0A1Y7VNT1,9177.6,8270.811094,8993.571266,7619.594778
Q3TXX4,128250,121893.434,114124.0151,117953.9928
O88745,14128,11807.68472,12327.78601,12205.16717
A0A0G2JGQ5,7692.7,7541.900369,6851.506385,7215.742857
Q9CPU0,34482,40567.95966,29816.12543,36978.28966
F6RQR3,10392,13176.30381,9674.017935,11251.65208
E0CZD7,29197,27993.6125,28300.69173,25487.3888
Q6PDG5,13986,14164.37926,12183.80026,13577.15011
Q8C7M3,8439.3,12996.30619,6428.409806,11464.80099
P40124,109740,100166.2874,102278.0927,95595.10793
P62627,23568,22840.58322,20762.61439,22126.5961
Q8CAD1,14297,15756.64141,13468.20525,13974.73807
O55042,309530,304562.3483,286056.0272,284479.8356
Q8BWG8,58373,55517.31969,53588.7586,52744.3485
Q8BW75,31002,33959.02042,28311.11604,30782.18155
P26883,101800,108444.5851,89090.04071,101876.4756
Q8VD62,9606.4,9388.070671,9033.835153,8694.822244
A2AH27,8656.3,10033.99134,7632.287015,9116.683072
Q8BKZ9,106370,93514.33987,90946.87048,96178.00493
A0A087WQE6,55265,52803.01927,51479.13938,49681.96426
P00761,23052,22697.22229,21398.49715,21174.821
Q9D164,16437,16053.23926,16149.85834,14427.13574
A2AUK8,164130,151710.9162,152142.7675,145036.9534
D3Z786,24313,27313.44449,22766.6875,24229.37528
E9PZ00,106500,104449.5936,91439.41901,102607.2718
D6RGM3,16894,18022.06281,16525.13341,15796.50869
Q91WS0,77866,68800.50705,75164.46898,64959.08562
O35857,23799,21700.06732,23283.99376,20053.39678
P58389,91864,89395.10225,83963.88752,84721.9039
F7CTF8,13251,14769.84028,12475.42026,13098.65258
E9Q7A8,26946,27064.9522,24921.91307,25168.10045
Q9CR00,27556,27190.79124,25766.28198,25262.92996
A0A1B0GSQ6,23395,22214.57379,22095.62271,20795.50296
Q9Z1Z2,36403,30212.52124,33656.17969,30243.65432
P59999,71496,72398.8666,66633.47636,66852.19588
Q9CZ13,230610,210597.2179,212212.8392,203831.2508
A0A1Y7VJ48,21854,19339.39054,20098.06479,18957.20242
Q80YA7,23984,23680.04116,22990.81011,21665.49848
Q99LX0,153230,139746.6495,141562.0954,135075.5047
Q3UN10,4959.8,4970.801591,4301.590476,4828.040148
A0A0A6YY91,9384.8,8369.730141,8984.840908,7951.759069
Q6PF96,90467,81393.96901,75729.98766,84352.1558
D3YVI6,21091,21352.81527,20388.64236,19267.79082
Q63810,3852.7,4707.813914,4044.370689,3789.961491
Q8BFQ8,31443,31074.27976,28644.69388,29461.52835
P47754,49669,49770.13898,47957.02649,45153.63757
P15864,177500,196404.4851,170137.7282,173320.5078
Q8JZK9,7795.4,8894.431174,7679.326702,7635.428697
A0A2R8VHJ0,13668,19476.37988,13077.29372,15972.24778
Q8BRB6,25462,22658.9927,23656.66275,22073.52638
Q9CQ69,113190,118052.9538,103515.9792,109610.7358
P84075,155320,139936.2045,142917.2553,136615.3968
P35908,35390,37116.14685,42905.14649,27357.87918
P45878,37366,42379.08618,35342.31142,37449.82723
P26040,135920,151115.1719,129941.5986,133500.8128
Q9QXL2,95452,96550.40595,90561.1711,88504.64442
Q80SZ7,27620,31134.80994,23346.53961,29457.17837
Q9D1X0,21795,21795.64128,19273.24146,21014.74183
P61982,529390,475066.2906,483557.5625,467683.4926
E9PX29,31866,34072.11627,28651.20907,31740.04662
A0A0G2JDL3,24638,25913.286,22808.38473,23845.70725
Q9D0E1,148530,161265.1263,139594.5073,145393.6516
E9PYI8,18323,15018.49187,16401.34476,15565.95987
Q9D6J5,56038,50967.99926,53260.39292,48557.93005
A2AGN7,21126,22566.60454,19566.42511,20664.13363
P11983,174490,161551.8481,162436.7711,155242.0009
Q8CFV9,8329.4,8900.006322,7318.775968,8415.466682
Q91V12,105870,97464.73016,102169.9405,91471.32915
Q99K46,12000,10154.41453,11017.97178,10209.39745
P68254,249780,222655.4657,228592.0323,219882.6682
Q9Z130,15943,13213.09979,15197.33725,13033.40291
Q9DCX2,243930,231161.548,222128.9617,223797.648
Q6ZWZ7,26023,24019.32871,25847.07036,22058.73645
Q6PB66,13417,17365.78829,11881.75595,15338.89104
P12023,17056,16765.26525,15620.82474,15968.7678
P09528,11796,20078.49582,9649.390509,16930.11285
Q6P5F9,30616,30900.65374,28361.93454,28972.59086
P02798,77428,40800.52296,72480.20981,50354.4708
Q7TMF3,14223,14135.70707,13158.0821,13358.78124
P63260,1134400,1103337.637,1048385.632,1051737.586
Q8BPW9,25482,26880.17588,23676.20833,24812.27228
Q6PGN3,26330,26405.49188,24735.57858,24641.75316
Q03265,1474300,1462010.775,1370144.912,1380334.895
Q9D8W7,61422,72413.20269,53806.36602,66625.99704
A0A0R4IZX5,122410,123338.1937,119095.1067,112229.4223
P63038,495720,430656.2578,462865.3122,426054.2069
Q8R105,5980.6,5073.065726,5489.700919,5130.189592
Q61166,25690,26424.60667,23119.81092,25139.3906
Q8BRV5,36982,41021.93596,33185.78282,38052.73412
A2BE93,41175,31203.30461,35174.21946,34842.45065
O88543,20936,23482.52165,19197.66524,21434.94966
D3YYG8,39273,36498.10192,35520.82769,35985.62476
Q60625,266250,261346.99,256242.5079,242084.9539
E9Q2A6,110150,106700.3604,102510.0335,101641.5768
Q8C605,165310,179679.0423,142734.83,171754.5159
P62908,90423,97338.89111,82497.96928,90453.43439
Q8BK30,62702,49166.43014,56804.65746,51954.39257
F8WIT2,54642,56522.43916,52816.05681,51314.07586
E9QNQ4,35782,33317.08199,29524.24482,34774.591
Q8K400,62609,67523.0018,59293.46086,61345.99422
Q9EPL8,11015,16914.99779,10913.5984,13511.03045
A0A0R4J0Q5,68970,68317.85856,65303.07412,63935.97089
P35802,165320,166888.0608,150240.3313,159348.3798
P03995,545550,469698.2199,463204.1022,498803.2324
Q922D8,64643,76718.80953,61094.25998,67677.82163
Q9QZ05,4578.4,6737.804797,4205.817151,5662.017855
O88998,23333,25006.92629,22889.17312,22251.87546
D3YVM5,26315,25301.61266,24443.69797,24263.30511
Q91VW3,51033,46815.31076,48402.66564,45037.05817
P63330,178230,183820.5805,168261.3529,170153.7241
P06745,300830,297696.9523,276205.0567,284906.1335
B1AU25,45250,53731.67957,42854.32799,47397.35602
P56564,13214,13550.79444,12036.55692,12868.10376
Q9WTL7,51125,51441.09036,47298.99209,48718.87922
Q02053,313390,307620.715,300845.5134,286724.4241
F6YNQ1,130430,141122.9145,122033.4584,129394.4339
Q61081,44378,43459.07191,41105.65041,41555.33609
O88485,80476,83898.00672,73894.00651,78889.45392
F8WGT1,36388,32985.75894,35625.07076,31218.04931
E9Q6I5,5747.4,5237.612225,4911.151855,5425.553072
A0A1B0GRM4,52477,58038.8793,50092.70649,52216.26122
P05064,928630,862969.1309,865634.4919,838797.4823
Q64332,279020,271063.6758,261050.7197,258519.1693
M0QW69,3631.4,4081.167325,3286.262928,3773.866574
Q99KU0,2880.5,3068.401943,2506.915642,2958.071773
Q5SQB0,83563,78819.84372,75057.61983,78089.92803
P50247,105690,103157.7523,98095.33933,98753.19167
Q9QXV0,43289,43654.99852,39985.03736,41430.05674
Q8K1K2,23808,21203.08273,22345.80609,20852.05266
O08553,1061800,1004020.365,972196.975,981876.9458
Q9D0F3,13944,14277.31582,13460.38701,13092.56261
Q9WV18,32257,34459.1908,30169.24884,31818.34622
P63085,85755,73405.57896,80478.25971,73419.79207
P50516,661060,635407.5353,608531.9787,616009.0291
Q9CQI6,95816,83996.76648,90579.41364,82800.08379
A0A1D5RM97,4814.9,4200.953354,4341.593755,4289.077922
P97492,19559,19855.48991,18195.62868,18739.70354
Q9D0W5,12553,12172.14009,11727.60651,11651.85002
F7CYX4,17805,19342.57634,17929.80884,16926.63287
A0A0R3P9C8,134350,139942.5761,121572.1828,133248.5141
P62983,87740,107968.3082,82242.57375,95168.81012
Q8C163,36045,43183.50033,33951.96941,38284.15293
Q3UZP4,13109,14732.08857,11432.98952,13945.15822
P00920,119080,112046.1305,101277.3592,115213.5069
Q01768,15439,17910.55986,15025.33617,15725.16906
G3UY65,17316,17332.33741,16224.13153,16388.10564
Q60605,81952,83796.06117,76364.56738,78963.40354
P62880,117910,121272.2033,108536.5863,114935.1084
P63318,319880,315585.2115,299125.5027,300557.3529
Q8BVQ5,38893,41429.71819,38569.93762,36929.56991
A0A1B0GSG5,91063,93318.41325,83496.09672,88791.74295
Q9R0H0,3539.1,4248.103173,3131.201355,3903.756906
Q9Z0S1,33906,36257.57412,31027.95117,34025.52485
A0A140LHL5,146300,160835.0435,116270.1194,161236.27
A2AJ20,8121.2,6400.110143,7611.177792,6645.460793
P63168,78092,73553.7186,67701.96787,74849.19472
P62900,82905,86027.7131,79563.52673,79155.67255
Q9CQA3,75197,71693.2122,70275.46878,69220.32369
A0A0J9YUR5,29388,29134.1284,27478.47448,27719.79731
Q9DCC5,89748,87676.36389,85028.46992,83133.29207
Q9D7S9,57561,56482.61668,53900.18479,53897.09257
P24369,19764,21312.99278,18899.26943,19412.21008
S4R2K9,52699,46017.2682,47609.11523,47061.53775
Q9R0Q6,92546,89581.47147,88968.85814,84395.65558
Q9CQV8,222750,202457.5025,201853.6837,203448.4528
P17183,328990,279267.1072,308741.9264,281487.0511
P17751,395850,378679.9533,371978.3815,364267.1249
D3YUT3,22992,25425.85881,20872.06962,23736.08782
A0A087WR97,44619,43567.38906,41208.59045,42099.95329
Q8BIZ1,133490,131114.7281,125090.3865,125218.4554
Q9QXT0,23248,25360.54993,21879.31833,23282.82015
Q91WD5,106110,107466.5449,96690.66389,103372.8679
A0A0R4J0K1,4777.5,4490.064579,4518.937286,4334.752687
Q3ULQ2,37270,32162.22999,34079.66718,32870.1708
Q8CFX3,14479,17002.60725,12350.32857,16107.96708
P63325,17498,20094.42481,15576.52143,18757.10345
D3Z2V6,6801.9,8528.064333,7197.593393,6964.48815
Q8CG76,25245,26892.91907,23604.54122,25032.38115
E9Q852,7734.7,8471.197827,7081.232061,7914.088262
P47738,90420,107888.6633,88636.58334,93994.31617
Q9WTT4,210020,191243.4913,201319.4379,185282.9463
P62743,35155,34338.13045,34443.2149,31934.92562
P07901,259010,280748.5036,252072.7849,253316.5961
P61759,36382,30179.07035,34800.24743,30359.36373
Q80SW1,88057,90545.17555,81528.50869,85929.45768
P56393,15822,15184.15339,14810.33483,14674.21446
A0A0A0MQM0,30331,28387.05863,26609.34784,28882.98133
Q9CQC7,59155,66302.84093,57164.29606,59504.2137
Q9CRB8,6247.2,6701.964562,5890.515541,6199.327089
D3YUB9,5948.4,6297.527427,5708.481072,5785.731218
P48774,99082,91862.50328,89512.22517,92219.5253
Q8BGQ7,105200,104266.4102,98714.28258,99562.28751
A0A571BEM2,27206,30175.88455,25203.36937,27924.24626
Q8BL65,32619,28291.48467,31242.95251,28005.15584
Q62277,150510,164068.6291,147868.8014,147203.2423
P14106,8836,7390.256355,8679.929915,7278.991532
Q924B0,92100,88302.37332,86362.78127,85493.58992
H3BJP2,24612,24904.98073,24037.14998,23006.16158
Q4W8U9,42926,35405.37299,40127.06855,36432.80246
O09111,36227,36880.39775,34878.42974,34342.20322
G3UYQ8,12985,16778.00845,12155.13342,14710.75428
Q9ERS2,43999,47774.23614,40020.2194,45104.04783
A2AP32,8880.1,10160.46755,8931.807244,8853.944425
P31230,6253,6610.054272,5921.00664,6149.389346
G3UZ28,26868,26641.24098,26343.528,24748.76261
P63017,615480,627506.7547,570782.9553,599339.9149
Q91YD9,25659,30292.1662,23003.8405,28039.08567
Q640R3,15703,16151.99902,15138.70052,15000.46279
H3BIY2,29332,33361.68317,29257.12194,29312.75911
P47941,14070,15524.55598,14313.87719,13584.11008
Q6ZWX6,30909,34078.48786,28975.66564,31481.65795
A2AWI7,161300,161153.6233,150996.0936,154258.906
P29341,58663,55600.15046,57205.99329,52745.2185
Q8CAA7,51697,50937.73418,46567.98752,50233.54142
Q6PDS5,29493,28853.77812,28707.23972,27116.02042
O08848,13889,13881.63963,13580.26655,12914.21352
P04925,58432,57725.07814,56755.14199,54175.49113
A0A1D5RLD8,740630,709238.4183,664679.9048,709542.2476
Q9D2V7,4486.7,4685.194744,4294.032853,4357.372571
P20108,46225,41886.88029,43946.2742,41194.28795
P26043,20303,22463.06609,19264.1202,20604.10394
P61082,60037,60485.57265,60575.65068,54890.62745
Q8BGD9,60767,54137.86889,59302.58213,52583.39933
E9Q855,40571,41781.74893,37956.20652,39645.69592
A0A0G2JER6,9673.2,10877.59082,9202.448327,9910.988983
A0A338P799,232410,208494.5908,212460.4165,211643.8106
D6REI6,9646,8830.874492,9548.405031,8405.548733
P60670,12514,11358.48712,11226.84884,11620.53018
O70251,30536,28498.56158,28814.08887,27889.44644
Q921J2,43716,51562.15071,40253.46328,47188.5571
Q9JHI5,91377,83338.89907,82981.39654,84477.43515
A0A0R4J252,12872,14337.84599,12294.16762,13084.73265
P20029,296240,308672.0285,288531.8003,284427.6359
Q9CWJ9,81698,81515.02935,75051.10463,79261.812
A0A087WSF5,12440,12511.58693,11746.76117,11918.93865
Q99N15,13659,13842.77288,12892.91378,13155.20228
A0A1W2P7Y9,216800,213591.8686,209072.5166,202186.9592
P23116,46667,42877.66366,45076.00852,41586.65593
Q9D2N9,13528,11834.44543,12440.62914,12109.46767
Q80VP1,41299,42070.06371,39175.85049,39805.7751
P70333,155530,165820.8183,156924.9185,148203.7371
P62918,11433,11281.2315,10684.65454,10913.22382
G5E8R3,134830,126256.3852,121688.1532,127436.944
Q29ZQ5,88320,102319.8873,74618.49587,98892.39095
Q9D1A2,57756,56036.60487,53467.57603,54895.84742
G3UZ48,34750,37750.12078,33817.75646,34399.62293
Q99LD4,61948,60482.38685,59537.12905,57659.8232
A2RT62,31414,30828.97327,30024.61158,29450.21841
P97807,117780,102028.3867,111401.9678,102911.7703
O55022,57691,65351.88004,57312.84244,58006.95141
Q9DAK9,67300,60050.71113,61757.50654,61165.90515
Q9ER72,18854,16524.73745,17323.89597,16945.77277
Q8BG39,105220,110934.2867,98711.6765,104703.961
A1BN54,294060,307429.5671,277703.5509,289978.2073
Q8CJH3,13271,13764.72082,11771.90981,13533.65034
A2A6U3,66522,60280.08864,60864.92521,61256.38468
P16014,13867,14326.21783,12303.8101,14105.23739
Q9CXZ1,110230,91696.84175,103145.9163,94968.71115
P05063,347920,331354.9147,330841.4582,321967.9427
Q8BH44,20207,20441.67686,19217.21081,19432.21997
F6ST32,9099,8916.094605,8421.016178,8728.665069
D6RIJ2,23236,21550.33478,21708.6203,21407.10981
Q6PDM2,99626,98242.06502,95390.23154,93829.01702
A2AEV7,21091,20037.08044,20099.36783,19464.40981
Q5EBP8,48558,52103.73647,45175.03944,49217.38665
G3X9P1,33311,30699.94843,30799.91944,30804.80143
E0CXN5,50900,59986.99516,45683.22443,56013.79167
O88384,10305,12720.8939,10810.00684,10653.96516
F6VTS9,5652.7,5604.934806,5898.333772,5023.78914
Q6NZL0,83167,81312.73114,82873.24435,75820.10972
A0A0G2JGY8,29122,20755.47803,31194.74009,20363.98518
P50153,6999.6,7691.473614,6778.666537,7032.869798
D6RFB9,37392,27217.87053,33377.32947,30956.18065
P48320,38767,31071.09397,39216.24468,30765.65163
Q9R0P9,231240,207060.9815,215105.5845,209407.9221
Q8VE33,29978,47610.16751,48741.45563,25969.36632
F8WHL1,86164,83378.72155,82160.48233,80518.95553
Q3U4W8,186950,180013.5512,170528.6397,179332.1769
A0A1Y7VM80,5505.4,5254.337668,4794.660219,5407.892163
Q4VA93,73618,72422.76009,71747.90221,68569.56704
P60122,51019,55687.75992,48704.97055,51575.94451
Q3TC33,9661.4,10912.6346,9466.574217,9830.0794
P28663,247110,224503.2289,236592.6883,221622.6592
F6QC68,10210,10803.20242,9606.911456,10208.52745
A0A494BB86,67542,60851.93949,64125.12737,60633.46789
Q80UW2,59074,59435.852,57213.81152,56114.71115
E9Q6U4,39259,33071.7755,35713.67738,34887.69042
O55126,35219,33519.38021,33619.69461,32610.91214
Q3TT92,57244,50101.46204,55299.64806,49885.54322
A2AAW9,32415,34009.99319,30078.03615,32540.4425
Q91V89,30823,32713.37316,30061.09665,30201.89454
A0A0R4J263,3751,3879.984142,3496.573332,3721.840842
Q8VDD5,189710,186974.5212,182881.4441,178523.0811
O35465,26386,26133.1061,25445.73452,24903.62181
Q99M28,19184,20350.8816,19393.121,18340.37559
Q9WU78,51837,57140.48409,50582.64894,52094.46185
P54071,41635,53083.36955,41698.5329,45546.87555
E9QLJ0,27195,21999.53239,26325.28547,22578.99378
J3QP71,66737,68787.76386,63061.84801,65539.37264
P36916,9793.5,9158.53388,9502.147166,8879.174295
O08539,313460,298302.254,295046.9924,293449.4895
Q8CDN6,21506,22189.08741,20924.19116,20740.69324
P47753,16761,17749.67703,16342.70803,16422.03547
P24472,65401,67624.94736,62569.29948,63877.68119
P80316,165450,148873.9625,156586.1285,149082.4326
Q91WM2,11015,10994.50963,11002.72623,10205.91747
Q00493,59286,59701.86619,56094.50151,57346.62481
P05202,353770,334907.0802,336991.7996,327588.1137
E0CZH6,5477.6,4925.88183,5151.171534,4958.191478
Q9D8B3,67134,61391.93235,65002.07224,60149.75038
Q9DCZ4,60109,73118.85708,58824.36703,64630.22732
Q6GYP7,14041,16314.47475,14007.66316,14448.88562
P00493,64814,55753.06879,62734.78536,55953.76198
P68510,310630,278327.2967,291763.3356,281104.253
A0A1D5RMG4,22488,16258.72327,21584.83165,17646.98916
A0A3Q4EBU5,46611,50048.89636,45438.2532,46175.88231
Q4KMM3,63586,64477.37832,65439.89315,58353.20963
P62482,65551,74378.84044,61148.98759,69246.42356
Q8CDG3,14776,15505.44119,14458.51445,14382.76597
F8WIR1,62087,59846.82002,57839.26997,59115.32571
J3QN06,21121,24000.21392,20142.3681,22053.51648
Q9D3D9,169230,156107.3183,163622.5361,152927.8128
Q8BTZ7,20556,21851.39275,19847.88141,20376.16511
P17809,31937,33449.29264,29848.70139,32011.48522
P27773,239140,224152.7911,234625.1003,216080.7877
Q3UHY7,5575.5,4621.797352,5283.429935,4791.152338
Q9Z2U1,57131,53495.93047,54665.06835,52533.80958
P80318,95786,96359.25804,92686.42679,91506.12897
Q9DB77,207160,209880.4133,202427.0206,197523.7833
P99024,42092,34287.15767,38783.63592,36551.12185
E9Q1K3,156120,146005.1509,150331.544,142870.6646
Q8K1M3,148460,145181.6219,138330.5601,142879.3645
Q9QYS9,22370,22784.83175,21378.95157,21733.35813
Q9QYB8,121770,119932.5749,117644.8249,114943.8083
P35762,98893,106657.3521,93764.03957,100275.6838
Q8VCD6,26036,31891.43711,23724.42075,29398.88867
G3UW57,17517,17257.47114,16817.01402,16620.39445
P25444,46536,44156.76181,46226.59145,42078.2034
P30275,204830,204719.4195,194426.3646,197654.2826
P19246,349910,327293.0215,306696.156,340829.4456
P62874,97692,102617.7594,93405.704,96900.10121
Q9JII5,9609.9,9387.433511,9865.173674,8644.884501
A0A0A0MQB7,28175,24404.81035,27233.50325,24564.32356
G3UVV4,576690,560238.6168,554534.066,542198.609
Q9D287,9018.3,7735.756215,8098.774774,8230.244635
Q8BL66,31816,29728.27985,30252.6433,29421.50855
Q6ZPE2,78580,93041.24877,75989.29231,83936.29794
Q61171,73054,66028.86225,69134.00711,66414.58813
P16330,636850,645570.2329,487662.1336,699015.3018
Q9R062,9688.3,10024.75253,9991.698705,9042.733453
P63276,22774,22526.78206,22146.44121,21514.11926
G5E8R0,91586,77249.245,86529.57019,79976.07833
Q9D2G2,125410,124330.5699,115093.4757,123234.8657
B0V2N1,67241,64547.46589,64521.25106,62906.76619
A0A2R8VI25,19533,22431.2081,18469.26675,20730.25329
Q62348,67559,55681.38832,60971.77436,60127.1305
Q8BV13,3452.6,3640.093506,3480.285351,3320.250909
P60335,76361,76739.51722,72528.42223,74081.85867
Q3UHJ0,104010,100854.4199,97502.45684,99501.38782
Q8BW96,31865,30010.22302,29977.70219,29869.55625
P68368,488550,510603.8742,448036.7349,496897.9422
Q921L6,156510,148040.8762,151165.4886,144506.2562
Q4FE56,22060,24979.847,21033.64639,23092.29113
A0A0A6YY29,23492,24312.42219,22207.68402,23306.31003
Q9D051,107340,94943.17055,97776.09491,98988.09046
Q61361,156730,143934.3818,143177.863,147551.2405
Q3TXS7,23476,25868.68481,21595.25595,24670.46301
Q99L13,33222,31873.91522,30713.91891,31894.03583
A0A0G2JGJ1,87913,91577.3743,77233.69401,91575.72862
Q3UM45,52668,47097.25394,49140.18539,48161.21209
Q9D1L0,44883,45458.16054,43056.29895,43546.75584
E9Q175,31825,33309.1175,29743.15528,32076.73489
Q9Z268,33042,31200.11881,32370.08076,30221.03444
P46638,45631,55119.09487,43670.03005,49870.75329
Q29SA9,4818.3,5039.933421,4593.731692,4795.676314
A0A140T8U1,8468,5381.132453,8063.983647,6285.021648
Q8CBG6,20536,20659.90407,20228.36864,19499.20963
P10630,98341,101225.5654,90793.11195,98857.59113
Q99PT1,110080,95033.96581,103007.7942,98466.09315
Q9D9V3,1894.8,1574.230531,1859.30554,1599.747765
E9PVA8,10476,9819.905674,10009.81094,9717.849978
B1AVY7,24183,25065.86356,23175.84157,23872.67712
O35449,14619,16296.95285,13380.90167,15563.34989
P08551,355570,341915.8372,297757.3124,363379.7295
B2RXS8,91837,82856.25057,84945.07546,85141.24174
P99029,186250,199430.9938,184236.6041,184125.8522
P17563,22531,20148.58339,21101.40439,20605.84393
P48678,162430,173880.8888,155048.5432,164333.4541
E9Q401,21158,23552.60922,19958.63968,22124.85611
Q8BH66,53426,54994.84872,50759.86216,52857.44792
A2ABY3,38069,37613.13144,35694.1318,37008.7395
O88844,111190,107794.6822,106039.9647,105626.1563
F8VPN4,14257,16182.2641,14160.11865,14630.71469
A0A0R4J0I9,49048,49743.05969,47382.38655,47552.21523
O54991,37116,37076.32437,35283.67469,36016.07461
H3BK66,26985,22937.75008,24545.33497,24436.43421
P48036,178150,182609.977,163961.326,179358.2768
Q9CZT8,57703,56226.15989,60083.10215,51628.14425
A0A0N4SWH2,45986,39277.71122,44562.61138,39950.19436
Q8C3F2,11617,11031.14631,11320.407,10737.48473
O88741,59874,59829.29813,58338.33369,57203.94554
O55106,83368,72497.62635,82186.54309,72317.50775
Q80TL0,60949,55452.01082,57126.50795,56368.74984
P63044,263060,271971.6284,252385.5141,259632.7635
Q99KI0,370060,370317.2319,360407.4002,354209.9767
P09103,125300,120756.1039,121985.246,117101.3972
Q5SXE4,12468,16993.04985,12885.35615,14240.0867
Q9Z2I9,344120,302682.7271,328013.8648,308500.412
Q8BFZ9,50788,51186.22647,46857.26206,50618.07944
Q91VE0,10320,10323.89902,9957.689402,9946.6588
Q62419,21780,23020.58085,22353.62432,20865.1026
P70699,6735.8,7078.525959,6221.356999,6889.755535
Q3UHB8,13969,14893.60856,12745.01891,14528.05522
P53996,44650,41563.52173,42989.84399,41189.06798
Q62420,185820,158577.9051,172626.5316,166699.8419
Q9QXS1,585100,593004.5556,566965.0527,567393.6794
Q9D394,164060,152147.3706,154149.4466,153554.2096
Q9QX11,38656,40338.58216,35832.25387,39293.34774
D3Z3A0,10155,8503.055813,9543.062573,8940.073981
Q8K2B3,318510,304259.6974,310370.7244,296390.0743
Q8CBD0,22285,21588.56437,21313.79965,21192.22091
Q52KF7,131730,137559.5987,128918.7135,129507.5334
Q99KJ8,174130,161105.8363,167023.4664,160592.4734
O88342,268740,236179.1809,261220.1147,237848.0757
F7BX26,100390,97410.57158,98352.0379,94037.81594
Q6KCD5,4576.2,4489.108839,4819.939164,4092.284935
E0CY16,69030,62115.10864,65983.26018,62744.07703
Q9DBN4,5570.5,4939.580764,5159.641284,5128.362602
P28184,96697,65517.54157,98759.88893,70339.13793
Q9CYT6,63576,62988.01746,58380.03092,62985.06579
H7BWZ3,29872,31249.49869,28064.84177,30201.89454
A0A0A6YX18,146860,144077.7427,142708.7692,139399.3824
P97300,243600,226717.359,236227.8375,223945.5472
G3UZJ5,85652,79100.194,81693.99457,79281.8219
Q9CWS0,50510,42488.99623,46317.80415,45414.63623
A0A0G2JGY9,54453,56187.93031,52946.36065,53395.10515
P40237,49952,46088.94867,43739.09109,48830.23865
O08532,70383,65877.53682,66282.95902,66278.86883
P18760,269730,245354.2809,267591.9726,240527.6619
Q9JLJ2,17342,17775.16341,16461.28453,17203.29145
Q9CZ44,38553,38562.49943,37802.44798,36859.10027
F2Z488,39492,42543.1548,38706.75666,39657.87586
Q08509,18842,19262.93137,16454.76933,19623.61899
P35235,13401,11650.62485,13284.47683,11629.23014
B9EJA2,35111,35765.36824,33202.72232,34798.95087
P70232,60178,58919.75262,59913.70716,56162.5609
Q9Z0R4,44699,46039.56879,42842.60064,44240.14227
P61027,32220,31999.75426,32572.05171,30024.41545
Q9DCD0,10411,9185.613168,10207.35157,9196.72266
Q91YS4,50380,51630.64538,49484.18754,48905.92826
A0A0R4IZY0,29636,28246.88349,28438.8138,27897.2764
A0A1Y7VNP4,19696,18845.59175,18487.50929,18870.20287
Q3V3V9,9796.1,9100.074475,9901.528446,8744.324989
P32883,30605,31259.05608,29817.42847,29841.71639
P63011,189470,161790.783,189709.3655,161619.0681
P84309,20718,20935.47565,19433.51519,20566.69413
Q3UHL1,176050,158882.1489,171258.3413,158861.1823
P27601,24032,22491.73827,21505.3463,23436.80936
Q8R574,39933,39290.45441,39539.39822,37599.46646
Q64521,317340,323581.5661,304064.0184,312667.6906
A0A1B0GRW3,11267,11531.95385,11107.88143,10922.79378
Q99J99,57744,60096.90521,57004.02234,56548.83892
Q3UH99,80042,77013.4959,77618.09035,75415.5618
O08585,241310,220059.0398,232605.3907,220761.3636
Q68FG2,1061100,1063260.29,1042769.537,1017198.764
P61089,60471,68505.82068,56417.65504,64927.76579
Q9D0I9,26546,26375.2268,25299.79422,25848.43695
O88569,262000,273373.3798,256490.0852,258727.9682
Q9CQV6,11752,11298.75339,12213.63984,10535.64577
Q8C048,194660,191020.4854,192250.2904,183638.6547
A0A140LJF4,12187,14220.6086,11581.5359,13209.14201
Q9JJV2,148700,134964.7657,143503.6226,135719.3014
Q9WVA2,42821,42884.03526,42614.56892,40724.49037
P80317,63264,61823.60807,61812.23415,59977.49127
Q8K021,124340,123913.2303,119784.414,120537.8795
P70202,24895,23216.50746,24544.03193,22769.52279
A0A494BAX5,50073,50380.21942,46751.71594,49861.18334
P62754,55900,49516.86799,55183.67764,49495.78522
E9QA74,75707,72359.04411,71680.14421,72390.58737
P30416,30124,32144.7081,28794.5433,30722.15186
P58281,211010,209561.8334,201423.681,205684.3412
Q9CR68,163860,159688.156,162645.2572,153667.309
O88935,6172.7,6555.258536,6059.519626,6171.052235
Q9DCT8,26234,26098.06232,26623.68127,24547.79364
Q8VBV7,4156.3,4550.435462,4094.537669,4231.13622
A2APV2,7484.3,8875.794252,7088.007861,8234.681612
Q62186,9573.2,10325.01405,10016.97765,9258.492342
A0A494BBL4,85243,83475.88841,83470.03595,80991.3631
P35803,20134,24511.5346,17705.68623,23462.03923
P61979,149050,141473.3523,142005.1284,141487.3717
P56391,72937,65324.80075,68233.60755,67640.41182
Q3UMR5,47424,44086.67424,45483.85955,44244.49225
P28474,39157,33229.47253,37466.26407,34614.51182
Q6PH08,170050,138085.2555,165121.0303,144836.8545
Q8CIE6,15308,17759.23442,14961.48729,16299.3661
Q62048,44843,42111.47909,44051.82031,41419.61679
E9Q4G8,96013,96300.32076,91305.20605,94525.01343
Q9QUP5,90722,82180.86127,87684.06224,82898.39328
Q8K354,12971,15741.34957,12425.7745,14417.56579
P62814,310130,288426.2783,299698.8396,288116.4169
A0A1W2P838,15938,11463.45918,14782.97102,13127.36243
Q9DBG3,114170,110671.4583,110170.5965,109010.4389
Q8BH59,148650,152873.7327,139724.8112,149900.2284
A0A2C9F2D2,145080,160675.7535,136740.8532,153241.0112
Q9D6T9,20147,18955.5018,19008.72466,19172.09131
Q91V14,117600,120932.9157,102375.8206,124061.3614
P62748,19105,15759.34934,18603.47971,16414.20551
P61922,138250,118575.4247,127580.493,126332.0497
Q67FY2,14753,14698.95626,15206.45851,13695.4695
Q9EQ20,59030,58014.98582,53332.06003,59321.51464
P28667,21355,17505.96343,20472.03682,18502.19476
Q64133,18449,17853.21548,17366.89624,17905.37783
Q9WVE8,12234,12726.46905,12832.19219,11550.93054
O70435,115110,112149.6689,107286.9724,112934.1187
P42932,307890,301806.6325,299790.0523,294667.4832
Q80WM4,10723,10280.09429,10351.85853,10178.9476
A0A494BAD8,6643.7,8142.264119,6724.460138,7207.216901
Q3UHD9,22670,20470.34905,21987.47052,20671.0936
P31938,58326,59791.06855,57086.11376,57290.9451
Q9EPK7,11693,11080.20761,11379.95585,10962.81357
A0A0G2JDJ5,27562,28302.63496,26598.92354,27370.92911
B1AWN6,54800,53728.49377,52726.14716,52940.09749
Q8C5R8,32972,31972.67498,32114.68522,31383.34845
E0CX19,11050,11849.89656,10397.33457,11471.76095
Q8R5H6,56210,56447.57289,56506.26165,53549.96435
A0A0U1RP30,8080.7,8110.406133,8365.637045,7534.683215
E9Q7Q3,210990,197678.8045,199221.546,200751.4666
P09411,346850,325700.1222,330085.6959,328858.3072
P26443,529300,531359.3522,492313.9808,530958.2669
P29758,46991,44188.61979,44660.33926,44636.86023
D3YTP8,10454,8468.967768,9810.315756,9162.792835
Q7TQF7,215220,195162.0236,209489.4889,196714.6874
P15105,541600,471434.4802,510960.4608,493687.6588
Q64514,9543.8,9475.839423,9071.883876,9388.99167
Q6NVD0,8554.6,9340.124401,8684.751157,8581.983824
Q9CQE8,31476,31639.75902,30059.79361,31141.4897
A0A2I3BPL6,5681,5947.726738,4602.071138,6321.56146
A0A140,4916.3,9594.829001,4491.573479,7917.568245
A0A3Q4EI12,42805,43017.8388,40078.85613,42909.91912
Q8K0D5,14252,15208.36546,14485.87826,14081.74751
E0CXD9,14568,14077.40695,14277.39211,13828.57882
P31324,52448,52159.48795,50883.65081,51065.25714
Q9QXY6,118000,116692.6177,116642.7884,113047.2181
G3UZY2,5680.5,4683.920425,5335.942384,5044.321034
P62715,23442,23329.60331,23141.96257,22585.08374
Q8CI94,317020,339303.4823,314748.9335,319183.957
Q9JIG8,9020.5,9120.782166,8460.75885,9078.403269
A0A0G2JGQ6,96100,99129.30994,94251.37595,95203.60994
Q7TS64,29456,27686.18293,29423.91086,27133.42033
P14148,25950,23914.19736,26495.9835,23232.36041
P46460,546680,497685.4608,541673.0767,496636.9436
A0A0R4J1F4,38856,39715.75853,37909.29714,38422.48222
Q62418,163440,159031.8814,156833.7058,158356.5849
Q99JB2,17543,15101.8005,16289.28345,16130.58697
Q61553,151660,148445.4726,146683.0364,146794.3444
Q60737,18118,16314.47475,17981.93038,16341.99588
P46471,33387,36974.37881,31364.13509,35641.10654
Q9D0F9,170130,164865.0787,160573.4261,166360.5437
Q9WV34,88696,88108.0396,83924.79636,87956.54725
Q5M8N0,54628,51667.28206,53238.24126,51522.87479
G5E884,26077,27874.14505,25738.91817,26394.79413
Q61330,14981,16083.50435,15958.31169,14425.39575
Q11136,45753,45123.65169,44330.67053,44504.62091
Q80Y86,7862.5,7670.765923,6686.802327,8218.847694
G3UXT7,61246,53110.44884,57135.62922,56500.98916
F8WHU8,17697,18646.47934,17138.86451,17982.80743
B2RSH2,161820,163941.1971,148038.1964,166151.7447
P34022,68190,67704.59233,66266.01952,66564.22736
P17427,176570,167636.7235,179558.6961,162236.7649
Q924M1,46296,42673.77255,45382.22255,42867.28934
Q6ZWZ4,37459,33003.28083,37651.29553,33107.67958
Q64G17,20172,18855.14915,19988.60956,18704.03372
O54774,20957,24533.83519,21084.46489,22329.30506
Q61696,23874,20922.73245,23697.05695,21236.59069
E9Q9A3,154470,133475.4049,149276.0829,138920.8849
Q9D8Z2,19030,19317.08995,18993.0882,18518.72468
D3Z5T2,18196,17021.72204,18564.38856,16529.04492
O88737,483370,486057.2958,483883.3222,466630.798
Q6VH22,17914,17856.40128,16727.10437,18001.94734
P62334,49830,53000.53878,49292.64089,50331.85092
V9GX61,8417.5,13807.09194,8760.066778,11269.92199
E9QAX7,32271,32370.8998,32392.23241,31068.41008
O89053,105900,102065.0234,102627.307,101789.476
P14685,56681,62497.40448,58940.33745,56755.02785
P20917,89880,76618.45687,72620.93796,89774.83789
P62774,69430,64738.61381,67317.57153,65352.3236
Q8BMF4,79387,74577.95285,78587.55094,73995.72911
E9PZC4,11832,13331.6115,11309.20087,12692.36467
A0A1D5RME4,20615,25532.58306,21062.31323,22663.38334
Q9Z1P6,63908,65128.87414,61893.02254,63735.87192
A0A1L1STE6,238060,224216.5071,227236.8724,228069.326
Q32NY4,26963,19274.08167,27099.29029,21075.64151
Q3UEB3,14938,12724.71686,14996.66933,12975.98321
Q5DTY9,52255,53212.39439,50397.61748,52250.19104
A0A3B2WBF0,29519,27241.76402,28029.65974,28037.34568
Q9CXS4,35513,40703.3561,35988.61849,37211.44845
P70441,50642,50643.0478,48956.45697,49986.4627
Q8R010,45853,45695.50254,46091.07546,43982.6236
Q80X81,76874,72703.11036,75546.25924,72434.95714
Q8BMF3,144620,117218.2745,132532.039,130368.8289
P16332,11413,11335.23079,11251.60657,11077.65298
A0A338P7C0,11538,10204.59086,10854.70106,10756.62463
Q3TF41,62573,59558.50525,60608.22664,59833.07201
P47708,142660,143040.7653,141575.1258,138720.7859
P12960,314810,299480.9995,303438.5599,302010.2454
Q8BU30,28591,28702.45269,29637.60916,26988.13108
Q5SSM3,57090,56036.60487,55526.37675,55529.20416
P50580,25363,25140.72983,23784.36052,25415.17918
P31786,76593,79224.44014,69018.03669,80735.58442
Q99LC3,38623,39784.2532,36358.6814,39591.7562
P84084,15223,15707.7394,15091.79113,15121.39216
A2AMW0,201840,186385.1484,198895.7864,187510.1348
Q3TA40,85479,71044.90218,81370.84104,76350.80699
A0A1B0GSR9,113050,109715.7188,106995.0918,111342.0269
Q8K0U4,170720,164530.5699,166189.5218,164333.4541
H3BJU7,61279,66208.85987,60389.31618,63012.90564
Q501P1,12945,14362.85451,12107.83312,13984.30802
Q9CQC6,29050,31950.37439,29482.54759,29665.1073
A0A338P7D7,49904,57986.31363,51533.86699,52337.1906
Q80XN0,15415,15768.58815,14147.08827,15997.47765
E9PUM4,198980,195878.8283,196732.7426,192260.3103
B7ZNL2,130560,114782.7315,124767.233,120363.8804
P48356,13964,10781.69828,13977.69327,11509.17076
A0A2I3BRG2,4026.5,4213.696548,4015.573539,4025.817277
P59281,45033,39257.00353,45134.64525,39915.39454
Q8C0E2,49075,54618.92448,49382.55054,50873.85813
Q3TUQ7,6901.7,6297.527427,6911.706761,6303.117555
Q01097,24540,25110.46474,24768.15454,24000.56646
P08113,155110,154218.1397,155582.7889,149552.2302
Q3TMH2,48797,41412.19629,47029.26313,43842.55432
B1AT92,65627,66366.5569,64165.52156,65093.93493
Q2M3X8,8992,8795.671417,8727.751425,8773.904837
Q05816,21131,19605.40472,21264.28419,19445.26991
D3Z2J6,12924,18229.13972,12493.92341,16174.95674
Q5SRX1,95321,88353.3461,92532.66825,89957.53695
Q5SXR6,765290,703440.2648,745507.3788,716876.3099
Q9DCW4,76572,76161.29477,76708.56952,73967.01926
P08553,658260,598149.6204,571278.1099,659108.6073
P20357,752130,648548.9546,750849.8363,665546.5741
D3Z1U9,220640,216713.9513,210401.6158,218551.575
P28652,495850,461558.5044,492535.4974,461915.4223
P46660,818420,767363.3142,705934.1015,837544.6888
O55143,353200,366653.5635,351390.3743,352739.6843
O35326,30336,29330.05502,30713.91891,28575.00291
Q8R0S2,98528,95530.95039,89105.67717,100092.9848
Q9CWZ7,241150,207124.6974,230168.7088,220047.9673
F7B5B5,145530,155267.8604,143464.5315,148917.1335
Q61655,7970.9,6613.080781,7595.671635,7136.138267
P62264,33992,33836.36717,33984.54538,32931.94048
Q3UUI3,38146,38108.52312,39495.09491,36137.00399
P20065,17191,14961.46607,16577.25495,15702.54917
Q9ESF1,10837,10926.17425,10910.08019,10536.51576
P32037,26085,28313.78526,25156.45999,27380.49906
Q9D172,107020,83322.97007,103429.9787,91427.82938
A9JEI5,37822,41843.87201,36693.56228,40058.9438
Q60668,63619,59950.35848,61164.62405,61166.77515
Q8VIJ6,115520,118897.1904,126728.3059,106992.0493
P70663,11241,10732.15911,10820.17054,10890.60394
Q62093,76391,89223.06912,77244.11832,81846.5687
S4R1C4,429970,478283.9472,430732.3845,448291.2924
Q32Q92,10251,9379.469014,9857.616051,9683.050157
P28650,11031,12485.62267,9998.344201,12340.88648
Q8VDN2,437360,441010.1033,422927.1843,437546.8477
Q8C522,44661,45190.55346,44367.15561,44016.55343
Q9JM52,49783,47681.84798,48225.45241,48188.18195
A0A140LIR6,29152,26929.55576,27556.65678,28050.39561
E9PVM1,10601,8633.195687,10717.88202,9000.973668
E9PV44,140680,143523.4137,129968.9624,146028.7483
A2AS98,117090,129669.9684,120248.2957,119972.3824
Q99KP6,25481,29761.73073,27232.20021,26389.57416
D3YUZ8,75734,74770.69367,75167.07506,73646.8609
Q91WK2,18917,21961.3028,17170.13743,21554.13905
P62881,13767,15928.19666,14471.54484,14335.78621
D3YY38,21226,16841.72442,22281.95721,17232.0013
A0A2I3BRL8,27996,27265.65751,27611.3844,27118.63041
O35551,30188,31674.8028,30961.49621,29900.00609
O35114,8941.8,8892.360405,8994.353089,8664.3724
Q8R326,50322,48868.55797,49381.2475,48844.15858
Q9Z1S5,138480,142480.0647,135620.2401,139669.0811
A0A494BBF6,52998,45628.60077,52782.17781,47223.35692
Q04447,658750,650842.7296,641251.2737,649999.7541
P84096,28447,29381.0278,24648.275,30927.4708
Q61656,143000,153150.8972,140741.1812,147690.4398
F7BQW7,267710,260295.6765,263109.5204,259980.7618
D3YYM6,44981,47845.91661,46840.32256,44534.20076
D3YTQ9,19108,16586.86053,18209.9621,17674.82902
A2AU61,16234,21448.38923,16931.6814,18710.99369
Q76MZ3,181730,178978.1666,175467.1554,180115.1729
Q9Z1G4,286300,256807.227,290642.7225,258310.3704
Q8BGX2,8319.4,9402.884634,8496.592407,8703.435199
B1AXW5,35791,35905.54337,34142.21303,36176.15378
Q62318,68084,68247.77099,67559.93668,67038.37492
E9Q2X2,80888,71589.67375,79120.49366,74392.44707
Q06185,56382,60773.88742,57449.66148,57230.04541
Q9R1Q8,134640,119505.6779,131645.9729,124104.8612
A2A8E2,20257,20620.08158,21066.22235,19513.12956
P19157,57352,53800.17424,54876.16057,55530.07416
Q80TZ3,64508,54795.73631,63997.42961,57310.95499
P70195,46643,37058.80248,44777.61272,40812.35992
Q9WUA6,13689,15238.31197,13795.26789,14311.42633
Q91VA7,93773,89884.12234,92320.27299,90296.8352
Q9Z1B3,388530,362289.0194,379718.4298,369591.4975
Q5F258,79649,80729.72999,82144.84586,76997.21366
Q9QYR6,721810,699935.8864,706533.4992,703025.9812
P09405,79920,71611.97434,80873.08035,72336.64765
Q99PU5,29941,28516.08347,29268.84929,28859.49145
Q922S4,80901,75990.85454,80045.65095,76675.31532
Q01853,379390,340848.5946,369268.0616,354183.8768
Q8K0T0,49956,46628.94154,48758.39513,47659.22468
P97797,93921,93464.95999,93447.40123,92106.42588
O35682,15046,20045.04493,14616.1821,18217.70622
P56371,23209,21442.01763,22999.93138,21775.98791
Q9WUC3,30582,28066.88586,30958.89013,28142.61514
A0A0J9YVC1,25012,29075.19113,25624.25079,26718.43247
Q6X893,20183,26696.99246,16260.61661,26568.79324
Q99N28,71683,58994.61889,69591.3736,63683.67219
Q91VT4,19337,18041.1776,18977.45174,18396.9253
Q9CQR4,3199.8,3502.944875,3493.576343,3138.943842
B1AQZ0,99003,97483.84495,95180.44235,98822.79131
P56382,46644,36107.84159,45246.70655,40064.16377
Q9WUA2,37017,39731.68752,35888.28453,38860.95996
Q6ZQ38,133620,133946.9031,134134.7763,131186.6247
B2RXT3,104460,120770.44,104867.2301,112838.4192
Q8BHL5,11185,10751.11461,10505.35646,11177.70246
Q9WV55,67997,71944.89029,70297.62043,67860.52069
A3KGU7,2371500,2492728.132,2309375.015,2451821.379
E9Q6M6,38973,36544.296,39085.94084,36721.64098
A0A0G2JF64,23128,24446.22573,21771.16614,24508.64384
D3YTP3,12997,10506.60457,12432.28969,11583.12038
Q8BMG7,46835,42759.78911,45048.64471,44697.75992
P58252,182080,177464.9123,178646.5692,178592.6807
P62751,50412,47325.03854,52621.90408,46184.58227
Q8QZY1,18958,18660.81543,18221.68945,18965.03238
Q9R0Y5,69138,63572.61151,67360.5718,65709.02176
F7D3N3,51056,50332.43244,49407.30827,50911.26794
Q8CAQ8,343740,358816.4989,342712.1383,348763.8047
A0A0U1RPX4,15243,14582.51532,15448.82366,14454.1056
Q64727,19306,21427.68153,20886.40305,19311.2906
A0A0U1RNJ1,253220,262860.2443,249922.7715,257831.8728
Q8C854,71913,67507.07281,70473.53062,69036.75464
E9Q171,22270,18471.26041,18817.17801,21835.1476
Q9QUI0,29400,31907.3661,29930.79281,30227.9944
E0CYQ2,11589,13417.30948,12171.5517,12202.55719
P62301,17222,18297.63439,17093.25817,17753.99861
A3KGU5,7002.1,6569.753919,6992.886055,6636.151841
D3Z3B8,71351,71449.49861,73073.09229,69288.18334
F6WYM0,45871,42950.93703,42029.50466,45949.68348
Q9D7I5,19248,18850.37045,18523.99437,19228.64102
Q9D819,17990,16360.66883,17843.8083,16816.14344
Q9ES97,122970,120819.8199,120069.7795,121964.6722
P21279,158110,157824.4638,156260.3689,157155.991
Q6DFY2,116890,113545.0487,116852.5776,113325.6167
Q61879,451000,408945.0402,440231.5346,425810.6082
Q925I1,31549,31932.85249,32772.71963,30591.65253
G3UWE1,31947,33342.56838,30889.8291,33153.78934
D3YYX5,8594,8690.221482,8965.425636,8306.369243
Q8BH57,6975.7,5767.251246,6478.446482,6455.018773
P63005,60357,60452.12176,60790.65202,59431.13408
Q6NVF0,6389.4,5819.976214,6097.568348,6148.432351
Q61753,211090,208813.1707,206479.4701,210391.017
B1AX95,27901,22724.30157,26383.92219,25302.07976
Q9JIG7,11180,13617.53692,11509.21726,12397.43618
Q8CGK3,30506,35738.28895,30222.67342,33714.93645
P05201,88535,84968.43506,86834.48119,86467.98491
Q8VDM4,19524,20948.21884,19381.39365,20326.57537
Q61598,84200,81561.22343,84035.55463,81762.17913
Q8K212,53188,55934.65931,53759.45664,54062.39172
Q99KC8,10854,10725.30964,11341.64652,10346.85674
A0A0R4J1E3,149350,136747.2201,149797.2983,139634.2812
Q60692,42497,39771.51,41675.07821,40918.49937
Q9ERD7,119670,123338.1937,114000.2264,124731.2579
A0A3B2WBM3,17555,17966.31133,16656.74029,18266.42597
E9PUD2,302580,288872.2901,309927.6913,286315.5262
P63040,136420,110693.7589,138786.6235,117223.1966
P10852,124120,113436.7316,122898.6759,117075.2974
Q99LC5,107150,102080.9524,106855.6667,103242.3686
P10605,42871,40682.64841,43982.75927,40392.15208
Q9CPV4,53049,47108.40423,53381.57549,48613.60976
D3YVP5,28791,28892.00771,28820.60406,28615.8927
Q3V037,11240,12555.86953,11283.79162,11967.6584
Q9D6J6,58916,52400.01574,56723.86907,55771.93292
P45591,59839,56181.55871,54813.61473,60415.96901
O35685,42255,41627.2377,42006.04997,41714.54528
P35564,73910,71177.11282,75288.25763,70713.23601
E9PZG0,28380,28538.38406,34105.72795,24468.62405
Q9R0P5,88001,85049.67293,87527.69763,85845.93811
O35295,58146,54798.92211,60219.92119,54233.78083
E9Q5Q8,23796,21139.36676,23104.17446,22399.7747
Q791V5,16437,14958.91743,15884.0385,15752.13892
P38647,253010,252028.529,249492.7688,253116.4971
P97450,57123,52607.09265,56348.594,54395.6
Q91YQ5,16792,15647.84638,16708.86183,16012.26758
Q3UHC9,14422,13284.93955,14062.39077,13846.84872
P51859,24018,22894.7418,24262.57563,22992.24165
Q91WH7,24111,21545.55608,24872.39761,21816.0077
P00405,37029,41053.79395,39310.06345,37870.03506
A2AE03,20118,19527.35266,20017.27641,19691.47864
O54829,44649,49680.93662,43353.39171,48491.81039
P11881,36487,35977.22384,37150.92877,35514.95719
Q02248,101140,99871.60102,101251.2984,99736.28661
A0A571BEW4,142800,139791.2507,140246.0266,141878.8697
P10637,139440,116861.4651,130259.54,130429.7286
Q7TQI3,42179,42939.78673,41336.28822,43036.06847
Q9DCT2,145410,141282.2044,138200.2562,146916.1438
Q6ZWQ5,33263,33387.16956,33249.6317,33205.11908
Q91VR5,49588,43959.24229,49155.82185,46048.86296
Q61316,224100,209800.7683,223340.7874,214506.0958
Q5DTL9,14092,15702.48283,14608.36387,14722.93421
Q9JM51,5742.2,4944.200172,5506.249507,5364.740385
Q9D8N0,130850,124574.2835,135750.544,123043.4666
Q6R891,187170,187054.1661,191155.7381,183795.2539
D3YVJ7,24072,21830.68506,23109.38661,23199.30058
O70443,25762,30021.37332,25977.3742,28276.59445
A0A3B2W820,38268,39703.01533,39342.63941,38365.06252
D3Z636,38622,31410.38152,37028.44316,34955.55007
Q8BGH2,39238,35195.11028,39039.03146,36675.53121
Q3KQM4,11865,10991.16454,10965.98054,11874.56888
Q921F4,5732.6,4806.573672,5764.511724,5103.045732
Q9JHU4,671800,656481.5931,668445.6858,662623.3892
B1AQX6,287910,284651.1069,287476.3391,285541.2302
Q8BNU0,9845.2,10344.60671,9165.181427,10601.76543
Q8CGC7,26908,28759.79706,26455.58931,28350.54407
D3YY36,34804,39741.24492,34864.09632,37895.26494
P63213,70726,67019.64562,69614.82829,69002.82481
P54823,35622,37237.2072,35927.37568,36419.75253
Q6ZWR6,16880,18785.06158,16557.70937,18302.96579
Q8R5L1,50490,38497.19055,49379.94446,43481.50618
B1ATY9,24847,19715.31478,23991.54363,22100.49624
Q11011,276230,260486.8244,276439.6036,265827.1317
P21126,16797,16050.05346,15971.34208,16860.51321
Q9JHK4,26088,24806.22097,25758.46375,25474.33887
P48962,310090,295801.4021,314514.3866,297886.4666
Q8CI78,21142,23563.75951,21776.37829,22272.75535
E9PUM3,12582,13573.09503,13228.44617,12787.19418
Q6PIC6,1942700,1942700,1942700,1942700
Q8K0S0,145550,142158.299,146891.5226,142496.5665
D3YYT0,8883.9,9335.982863,9595.18411,8704.305195
Q8VHI6,18658,15001.28855,18427.56952,16469.88522
P28738,182260,172988.8652,181083.2511,177209.3878
P04370,414480,428489.9147,335141.485,476774.9458
P47963,167190,152031.089,172444.1062,154058.807
P48318,41272,42371.12168,41740.23013,41701.49534
G5E8H1,196490,194285.929,194113.6354,196958.2862
G3UXX3,165750,164132.345,163961.326,166169.1446
Q3TWV4,227900,233837.6189,234364.4926,227782.2275
Z4YJL4,56925,54876.97417,56904.99141,55715.38321
D3Z560,16971,18442.58823,16965.5604,17951.4876
Q9ESN6,52701,50821.45253,53768.57791,50871.24814
Q4VAE3,22105,24186.58314,21282.52673,24040.58625
Q9ESJ4,14745,15555.45822,15293.76209,14934.34313
Q8VDP4,3094.4,3335.849738,3315.190382,3109.972991
Q9JI95,133000,126313.7296,133861.1382,128524.4384
P62137,17973,19493.90177,17271.77443,19480.06973
Q8BMS1,83394,88823.25139,82445.84774,87817.34796
Q61792,166160,141661.3144,166567.4029,150700.6243
Q9Z2Q6,202570,186687.7993,208316.7543,189232.7259
A2AEW9,133830,120566.5489,134981.7513,125000.9566
Q3TYE5,222690,204544.2006,229230.5212,207459.1321
P11798,560810,527695.6838,555602.5575,545069.5943
Q9WU01,42555,49446.78042,43711.72728,46396.86117
P60879,410700,440595.9495,416281.6882,427898.5974
Q9D0M1,8993.3,10345.72174,9186.160346,9775.269682
P54775,71058,64316.49549,70603.83446,67328.08343
Q6PHU5,27500,25695.05879,28088.29647,26067.67582
P35282,6192.2,5870.789702,5964.919035,6164.788267
P97315,103130,98493.74311,101539.2699,101676.3766
G3UX26,125840,122003.344,125225.9025,124374.5598
Q8BWF0,163090,137038.7206,162124.0419,147751.3395
Q9CQW1,23914,26609.38299,24463.24354,25407.34922
P53994,157670,166378.3331,160638.578,162114.9655
Q91XU3,68958,63448.36537,64890.01093,68491.26744
A0A286YDL6,10984,12000.26625,10692.86369,11893.70878
Q9R1V7,52442,48170.86807,50166.97968,51504.60488
V9GXV7,4271.9,4370.91571,4517.113032,4197.380394
Q8BYR5,18426,17247.91374,19136.42243,17309.4309
O35129,96050,102413.8683,102993.4608,96143.20511
A0A0N4SUV3,35624,35421.30198,36139.77094,35384.45786
E9Q0G1,25549,24216.84823,26099.85982,24492.11393
Q9QZX7,30224,23128.898,29879.97431,26076.37577
D3Z1H8,19712,19865.04731,17888.11161,21162.64107
Q99JY9,210000,188073.6217,208225.5416,198472.0784
Q8BPN8,223140,222400.6018,235667.531,215845.8889
Q6IRU5,206540,195448.7455,206544.622,200847.1661
Q91ZR1,19509,18730.903,19064.75532,19444.39991
A0A2R8VK70,29369,29508.45974,30080.64223,29197.9197
P99026,36016,32957.08675,35116.88577,34903.35034
D3Z568,72316,65828.15694,69865.01167,70308.68809
Q61011,22742,24537.02099,23024.68911,23907.47694
Q71M36,39978,46740.44449,42181.96016,43222.24751
P67778,150140,146494.171,151334.8836,148282.0367
Q80Y14,76686,72355.85831,77382.24039,74098.38858
O35226,13092,13385.61078,12861.51055,13551.92024
Q9Z0E0,74454,72161.5246,72438.51258,74989.26399
P10126,210960,187532.0359,221164.7133,190929.2172
Q8CC35,55165,48621.65858,55790.89355,51027.84734
Q3V117,98587,98726.30641,101935.3936,97361.19884
Q9Z2D6,63954,73746.45941,67971.69683,68207.6489
Q9QZM0,3910.9,3132.595786,3478.330793,3734.194778
G5E924,146420,148891.4844,150175.1794,146968.3435
Q9DC07,152880,130206.7755,157224.6173,136841.5956
A0A0N4SVL9,16800,15069.14606,16605.92179,15978.33775
Q5SW88,128230,123631.2871,130355.9649,125122.7559
Q920N7,19760,19226.29469,19906.51814,19516.60954
Q9WV60,46223,46582.74746,45615.46643,47335.58634
A0A3B2WCD8,93131,94243.88775,94161.4663,94124.81549
Q60932,274580,269598.2084,272843.2175,275457.9821
Q9CQ62,3848.5,4179.767793,3982.867275,4014.942333
O55091,41756,46316.73327,40597.46542,45937.50354
A0A338P7E5,42197,43760.12988,40256.06935,44966.58854
P0DP28,94776,101055.1252,92547.00168,101371.8782
Q6Q477,48369,45174.62447,46818.1709,47868.8936
P51863,163250,144523.7545,162084.9507,153719.5087
O35678,32438,33825.21687,32398.7476,33724.5064
F6VVY4,12919,12591.70977,13925.57174,12179.9373
Q8BSZ2,21071,26553.63152,20199.70179,25439.53905
P42669,88651,81672.72639,89190.37467,84826.30336
E9Q2H8,36748,28707.23139,35529.94896,32799.70116
F6R307,28383,28831.47753,28403.63177,29008.26068
Q9D2P8,12701,13504.91894,6822.057717,17306.82091
E9PWP6,28153,26421.42088,28096.1147,27423.12884
Q99PL5,37627,44056.40915,38388.81528,41764.13502
Q9D0T1,29720,27590.60897,29578.97243,28825.56162
P19783,131520,132057.7245,128978.6532,135310.4035
P28740,131870,126568.5935,133756.8952,128933.3363
A0A338P6E5,185900,170376.5103,183936.9052,179662.7752
Q9CQH7,18777,19299.56806,18660.8134,19447.87989
Q9WTR5,16286,15731.31431,16185.04038,16214.97653
Q3U4F0,98421,106615.9367,103187.6135,101998.275
P0DN34,14338,16320.84634,14613.57603,15656.43941
Q91V41,115870,110937.4725,117352.9443,113438.7161
Q9JKV5,10422,9508.812439,9451.849883,10644.39521
Q8BKC5,51338,51775.59921,52070.71883,51961.35253
F8VQF9,4838.8,4242.368736,5114.686458,4345.714631
P80313,57576,52253.46901,57469.20706,55129.87622
Q8BZ98,50424,49035.8124,51167.71319,49857.70336
Q8R366,204850,196691.207,201137.0125,205579.9418
E9Q6L0,3626.2,3377.26512,3882.924227,3356.355723
Q80XI4,53933,57893.92547,57901.81582,54821.89781
Q9D517,29159,29602.4408,28751.54303,30258.44425
J3JS22,9620.5,11610.80237,10017.62917,10827.96426
P14873,463640,430114.672,457588.0066,454476.9606
P57746,39220,39360.54198,39686.64156,39737.04545
Q99JP7,9685.9,8931.227148,10031.70199,9146.26292
Q9EPN1,21068,20970.51943,21623.9228,21031.27174
Q8VEK3,237640,240623.37,242143.632,241154.0587
E0CYT5,21630,22042.54067,23221.44792,21258.34057
P43274,21191,21142.55256,21793.31779,21171.34102
Q99P72,172130,164689.8598,174776.545,168909.6305
F6QKK2,21300,20734.77033,20693.55336,21762.93798
Q9CRY7,51046,42383.86487,53459.7578,44822.16928
A0A1B0GRR3,53852,41714.84716,55214.95057,46128.03256
Q9D832,10576,10325.96979,10453.49553,10708.77488
Q8K596,70341,92383.38135,70895.71507,85756.32857
Q61771,3081.2,3012.650467,3093.673848,3091.268088
A0A286YCQ0,48854,47017.60897,50194.34348,47767.10412
G3UYV7,38982,39710.97983,39027.30411,40239.03287
Q9D0K2,55418,54469.19195,56531.01938,55230.7957
P80314,118670,101018.4885,117965.3724,110176.2329
Q923Z0,20652,27614.50246,20717.00805,25585.6983
A2AC24,15672,20258.49344,16995.53028,18115.91675
D3YZA1,11087,11552.02439,11532.28105,11334.30166
E0CZ78,72967,70759.7732,74497.3133,72103.48885
P63268,70330,60208.40817,69518.40345,65843.00107
P17426,104850,100613.8921,109452.6223,101354.4783
F6T9H9,64799,67266.54501,64847.01066,67833.55083
Q99020,48068,45346.65759,49236.61024,46606.53009
Q99JY0,41059,36899.51255,41176.01449,39210.69816
O08795,23572,19844.33962,24143.99913,21305.32033
Q3U1J4,52315,61140.25426,54983.00973,57506.70399
Q9CZW5,139160,134815.0332,141588.1561,137972.5898
F6TFN2,5998.1,5207.984298,5368.127433,6044.554886
D3YWK1,9903.8,10290.28884,9752.200241,10490.406
Q80UE4,102300,98186.31355,103874.3148,100989.0802
Q9QYK5,8549.6,10046.89383,9300.567121,9228.042499
A0A0G2JDN7,171270,169054.4039,179167.7846,168622.532
G3UZX6,30503,25636.12152,31430.59005,27468.36861
Q149F3,47781,43126.15595,50023.64545,44450.68119
Q80TL4,58958,63825.8825,58787.88195,63744.57188
O35704,12715,13320.62049,14320.39238,12360.89637
B7ZNF6,64274,69206.69638,66053.62425,67955.3502
Q3ULJ0,60624,62376.34413,59333.85505,64196.09955
P39053,474770,446441.89,479413.9003,465482.4039
Q6XE40,36342,34000.4358,37289.05084,35139.98912
Q9CR16,265470,245577.2868,271175.3283,255787.3833
A2ALS7,26132,27458.39833,26479.044,27474.45858
Q8BWW3,22434,24889.05174,22985.59796,24278.96502
A0A0G2JF72,41606,38497.19055,42127.23254,40355.61227
P15532,99073,106426.3817,99801.01663,106113.3538
Q8BK64,9909.1,9739.623549,10271.20045,9830.0794
A0A140T8I9,52813,48105.5592,54007.03394,50416.24048
Q9QYX7,86228,77650.65562,87680.15313,82065.80757
Q3UR42,40787,42855.36307,41916.14032,42534.08106
Q62261,1138600,1078663.627,1132718.28,1135605.155
P28798,20556,22103.07084,20598.43155,22124.85611
P14231,136460,115555.2876,138982.0793,125018.3565
A0A0U1RQ05,12438,15009.73092,12881.83795,14181.797
A0A494BAV2,11127,10687.71722,10949.69256,11280.36193
Q3THK7,53352,52576.82757,55551.13448,52924.43757
Q9CRB9,174840,161918.215,184067.2091,165333.9489
Q8BKX1,87658,92103.03108,89224.25367,92089.02597
A0A140T8J4,21441,19427,21795.92387,20524.93435
Q80VP0,35602,36435.97885,36963.29123,36311.87309
Q01063,14830,15669.6691,14180.96727,16262.82629
Q5SSL4,29899,33277.25951,32600.71856,31220.65929
A2BH06,38449,34059.37307,36674.0167,37940.5047
P18872,328370,326385.0689,330763.2759,335618.1724
P47809,48423,49706.42301,48436.54464,50752.05876
O54962,10767,9176.692932,10100.50241,10503.45593
Q8R1I1,21299,24987.8115,21597.86203,24184.13551
P63328,345770,324664.7376,349800.6674,340168.249
G5E829,215680,234490.7076,225751.4085,228095.4259
Q8CBW3,68105,67787.42309,69891.07244,68858.40555
S4R2F3,664230,633639.417,669722.6635,661666.3941
P31648,83229,72456.21097,84677.95258,77857.63923
Q9CQZ6,28233,26282.83864,28651.20907,27597.12794
P35979,26968,26391.15579,26790.47019,27593.64796
Q9JIS5,127980,130058.6359,132649.3125,130438.4286
Q5F2C5,70619,64635.07535,70762.80515,68926.2652
P70206,73306,65167.10372,74003.46173,69931.98003
O54781,20796,23563.75951,19613.3345,24098.87595
D0VYV6,268080,264628.3626,267917.7322,274944.6847
Q3TU36,76765,73233.54583,76274.65772,77380.01169
Q9Z1G3,194310,165502.2384,195781.5246,181046.0681
O35633,29387,28691.30239,29834.36797,29633.78746
A0A0R4J0W7,24295,24637.37365,23654.05668,25777.96731
P99028,133970,134748.1314,137587.8282,136658.8966
Q5EBJ4,23507,24681.97483,21936.65202,26137.27546
F6SLR4,24821,23281.81633,24708.21477,24741.80264
Q9R1P4,21534,22878.81281,22585.56516,22458.0644
F6VQ81,17329,13907.60389,18688.17721,14776.00394
A0A2R8VHK1,39895,33962.20622,42030.8077,35963.87488
P97351,143840,132113.476,149119.7183,137650.6914
Q91YR1,33883,31598.34364,33839.90811,33598.35705
P99027,41867,39658.41415,42228.86954,41662.34554
A0A087WP83,10973,13610.20959,10662.50289,13303.10152
Q9CQB4,101480,100153.5442,105010.5643,101867.7756
Q8VD37,18854,18082.59298,21109.22262,17518.22983
P11499,481900,469698.2199,507051.3455,474539.0573
P16054,143960,132460.728,143607.8657,141878.8697
F8VPK5,45618,45007.37004,46162.74257,46516.92056
D3Z0V2,29697,28723.16038,29349.63767,30375.02365
Q8BTY5,29212,30902.24664,30768.64652,30365.45369
Q8BLF1,76369,72879.92219,79167.40305,75081.48352
Q9CQZ5,44998,49099.52837,46809.04963,48187.31196
Q68FL6,4604.9,4639.159954,5077.680166,4489.785889
E9PZQ9,25795,24306.05059,26673.19673,25242.92006
D3YZ62,151640,159305.8601,156247.3385,159600.6785
E9Q6Z0,22518,26730.44334,24060.60467,25153.31052
Q03137,72065,68166.53313,75899.38265,69799.74071
J3QNM7,17779,17897.81666,18715.54102,17943.65764
Q501J6,29810,28903.158,29632.39701,30526.40287
P50518,133620,121547.7748,136102.3643,129394.4339
O55125,43266,43849.33224,43797.72782,45065.76803
Q7TSJ2,118590,102291.2151,117754.2802,113290.8168
Q8BLQ9,141720,134314.8628,145979.3957,139851.7801
Q8K183,53355,47277.25156,54416.18801,50856.45822
D3YX34,151390,136833.2366,152364.284,147438.1411
A0A494B9U7,17166,18042.7705,17645.74646,18145.4966
Q64520,15967,14293.72268,16329.67764,15317.14116
P35436,24184,26118.77001,24954.48903,26005.90614
P62812,41949,42605.27788,46081.95419,41466.59655
F7B6X4,21152,21636.35134,23048.14381,21138.28119
Q3V3R1,4120.3,3426.167129,4245.820431,3760.294644
A0A494B9D8,16659,13596.51065,16992.92421,15152.712
P62746,116740,105516.8362,119371.3509,112768.8195
A0A1Y7VL44,38642,43145.27074,40396.7975,42188.69283
A0A0G2JGE8,188800,178659.5867,193944.2404,187214.3363
A0A494,5071.1,5578.492678,5277.696566,5500.546686
Q99J08,41682,37348.71015,41589.07767,40799.30999
E9QAN4,17042,16473.76468,18163.05272,16710.00399
Q8R164,29139,32692.66546,30126.24857,32187.22432
P68404,211420,197917.7394,208447.0582,214358.1966
P97447,9968.9,9098.322286,10473.43201,9522.970981
F7C386,4060,3518.077419,4225.232423,3781.435535
Q9ERT9,26070,26497.88004,26834.77349,27062.95069
A0A0U1RQ95,26642,22905.8921,27107.10853,25111.55074
Q9D7P6,40911,37058.80248,41572.13817,39849.27488
P08226,107970,84834.63152,115677.2369,92645.82311
P85094,17827,19849.11832,18629.54048,19481.80972
P52760,45852,44821.00082,47753.7525,46094.10273
D3Z5P0,25855,24003.39972,26688.83319,25322.95965
P43023,10162,9388.229961,11187.23647,9460.331303
Q9DBP5,108760,96219.0829,110444.2346,104651.7613
Q4ACU6,16738,16405.27001,16380.49614,17575.64953
P10649,152170,155459.0083,156859.7666,158669.7833
E9Q919,31221,37348.71015,33073.72151,35577.59687
Q91Z61,47807,42087.5856,49701.79496,45127.53771
Q9CQM8,37581,39996.10881,41544.77436,38409.43229
Q61425,21184,19791.77394,20449.88517,21810.78773
Q8BUN9,16589,18993.73139,17435.95727,18447.38504
P60202,273530,245099.417,248359.1254,285210.6319
D3Z0P6,10786,10044.1859,11000.12015,10694.85495
Q9CXY6,9085.8,8568.364685,9717.669723,8779.994805
D3Z6P1,24843,23269.07314,23734.84506,25795.36722
Q61644,554140,477965.3673,571330.2314,520509.6207
F8SLP9,15393,14496.02089,17064.59132,14473.2455
Q8BKX6,14690,17776.75631,16502.98176,16281.09619
E0CX61,17362,13665.64248,18357.20545,15139.66207
P54728,10068,9436.01694,10430.95296,9925.778907
D3Z7G3,9570,14455.08338,10662.7635,12573.17528
Q6ZWQ9,35893,35672.98008,38126.90455,36137.00399
Q3TET1,4058.5,2824.688349,3762.00226,3651.023206
Q9DD18,10649,8492.064808,10562.55984,9835.299373
Q9CQD4,22097,21736.704,23375.20645,22170.96588
Q8R191,38155,33960.61332,40418.94916,35876.00533
A2AI78,72117,65637.00902,73083.5166,71013.38446
A0A0U1RPN1,40801,42868.10626,42279.68804,43368.40676
F6SFF5,50786,46181.33683,53332.06003,48825.88867
Q810U3,335220,323326.7022,342920.6245,340794.6458
P51881,100450,90674.20039,103644.98,97430.79848
B1ATI9,98218,85733.02673,102111.3038,92819.82221
B2RUJ5,16319,20005.22245,16018.25146,19895.05759
P55264,66495,59951.95138,67991.2424,64919.93583
Q6PHN9,48208,52299.66309,46587.5331,54760.99812
E9Q3E8,39384,35086.79313,40117.94728,38292.85289
P14211,83377,75691.38947,87324.42364,80413.68607
A2AJA9,9086.6,8251.377722,9796.503548,8580.504832
Q8R5J9,22995,23426.77017,23743.96633,24122.36583
Q06890,39389,36220.93744,39603.2471,39432.54702
O70172,22368,22886.7773,22601.20162,23869.19713
Q62095,42842,40786.18686,42613.26588,44150.53274
P62242,19496,19474.78698,19722.78972,20484.91455
Q641P0,82724,83520.48959,87523.78852,84973.3326
Q3UVX5,11943,12897.86501,12778.89791,12736.73444
Q8VEM8,123080,113831.7706,128549.9536,120650.979
D3YXK2,13555,16480.13627,13611.53947,16282.83618
Q3TYX3,21298,20561.14431,21803.7421,21759.45799
Q3TQZ7,19621,18119.22967,20072.00402,19523.5695
Q3UNH4,160690,147773.2691,173864.4181,153171.4116
Q9Z0F7,22768,21446.79633,25332.37018,21581.97891
A0A286YCW7,22058,20255.30764,22753.65712,21761.19798
P51660,22006,23017.39505,23411.69153,23116.65101
Q9D7A8,12870,13799.92389,13337.9014,13985.17801
P14152,257100,247026.8252,266419.238,260389.6597
Q9Z2I0,94773,85256.74984,99928.7144,90992.83162
F7CDH3,21002,19756.73016,22481.32209,20519.71438
Q8JZS0,19802,21000.78452,20846.00885,21166.99104
Q9R1T4,75225,69934.65136,80388.35006,73077.01384
D3Z5R4,52642,45998.15341,53960.12456,50719.86892
E9PUC5,56941,55256.08421,58406.09169,58519.37877
A0A1L1SS82,14793,21814.75607,16939.49963,19009.40215
P22892,11554,13596.19207,11628.44528,13618.9099
P01837,21127,20048.23073,18995.69428,23203.65056
Q9D023,17238,15804.42839,18553.96425,16528.17492
Q8BH80,63746,55706.87471,68012.09102,59694.74272
P13595,397130,343142.3696,411590.7499,377395.3574
P60487,42107,41843.87201,44364.54953,43199.62763
Q8BNW9,5015.6,4368.367071,5538.173949,4564.692503
J3QQ30,30094,32178.15899,33226.17701,31383.34845
Q9WTP7,57096,61963.78321,58373.51573,63292.17421
Q922B1,50808,46864.69064,51786.65645,50910.39794
Q9QUJ7,8469.5,6839.750353,8651.523677,7823.608728
S4R215,27553,30142.43367,28956.12006,30196.67456
Q61301,156520,152708.0712,165616.1849,158434.8845
Q8C3Q5,49572,49067.67038,52072.02187,50926.05786
Q9DC28,27331,26545.66702,26682.318,29104.83018
Q9R1T2,9591.7,12533.40965,10592.00851,11550.93054
Q80UG2,39632,35180.77419,40961.01315,38501.65181
B9EHX4,12843,11055.83625,12584.61488,12708.02459
Q32PJ2,12079,13158.14476,12817.07694,13150.85231
P31650,102240,106397.7095,109358.8035,107409.6471
A0A087WNP6,9319.8,6593.965989,9716.627292,7881.289431
D3Z0L4,54460,46240.27411,55238.40526,52268.46095
Q9CX86,52491,51530.29272,55526.37675,53523.86449
E0CXJ3,6548.8,6878.617096,6833.915367,7045.310734
Q6PHZ2,68959,57398.53378,68852.55081,66194.47927
O70310,31602,33157.79206,34567.00355,32947.6004
H6TMF5,24813,27976.0906,25663.34194,28167.84501
Q0VGU4,68578,84772.50845,76515.71983,79121.74272
P63321,103730,98522.4153,105570.8708,106565.7515
P49442,6275.1,6370.641505,6527.440727,6630.061872
Q61699,195980,175983.5159,209137.6685,188119.1317
Q8C0M9,75146,70044.56141,79895.80153,74067.93874
Q8K3H0,8369.2,7806.640235,8782.348736,8331.251115
A0A494BAJ6,19253,17302.07232,20473.33986,18547.43453
Q5XJY5,28693,29232.88816,30769.94956,29792.12665
Q8QZT1,127680,116544.4781,130720.8156,127637.043
P47915,48611,39174.17276,51028.28808,44265.37215
E9Q1R5,24397,24889.05174,26488.16527,25143.74057
E9Q8N5,66843,70809.15308,70975.20042,71743.3107
V9GXE4,9107,10468.21569,9905.567865,10175.46762
Q8BYI9,317280,301965.9224,355494.9453,305507.6274
A0A0U1RPY2,36773,41330.95843,37987.47944,41826.7747
Q9WTX5,98344,94414.32798,102224.6681,100614.9821
Q80Y24,38992,39115.23549,43150.11771,39284.64778
Q9CQ75,102880,88738.82773,104662.653,100066.8849
Q9WUM4,81447,69294.30584,86721.11684,76026.29866
G3X9K4,15714,12796.07875,16358.34449,14535.01518
A0A1B0GR44,26686,24087.82338,27142.29056,26703.64254
A0A0A6YY34,7455.9,7697.526632,8534.771433,7478.481505
P56375,40347,43647.03403,43004.17741,43956.52373
P05132,101840,99111.78805,109784.8971,102694.2714
A0A1D5RM55,11351,17850.02968,13357.44698,15282.34133
Q9JK48,27372,25444.9736,28619.93615,27401.37895
Q9CX34,21422,22338.81994,23191.47803,22551.15392
Q02566,3548.5,3167.161701,3576.970803,3554.453704
Q8BH95,82507,80280.53239,88375.97565,83657.02938
P61021,6667.3,6249.262578,6748.826957,6863.56867
D3Z4T6,12113,9300.142629,11742.07023,11445.66108
P47857,117650,105821.0799,119257.9865,118145.3918
P97379,39570,36931.37053,42191.08143,39255.93793
P10639,51194,48529.27042,52926.81508,52428.54013
P26638,37146,39194.88045,41294.59099,38800.93027
P17665,28642,25188.51681,27834.20397,29204.00967
Q8R361,24131,26118.77001,25435.31022,26585.32315
Q5SYD0,14198,15659.31526,13363.96217,16909.23296
G3UYU4,88929,88366.08929,88226.12623,96395.50381
Q9Z0P4,124920,124343.3131,133457.1963,129237.8348
Q9DB20,89715,104798.4386,88202.67154,108444.9418
P59017,6252.6,6356.783281,6498.773882,6683.653596
Q5SQX6,155800,152144.1848,169564.3913,157234.2906
Q8C878,27370,33051.06781,31233.83124,30943.13072
P70349,62280,51157.55428,63523.12362,59199.71527
A2BI12,57479,50276.68096,58873.88249,56567.97882
Q3UV17,41569,40617.33954,32818.32598,50308.36104
Q9Z1W9,20305,23573.31691,20413.40009,24178.91554
P62761,82393,81135.91932,85068.86411,86839.473
D3YYN7,354960,358561.635,390507.588,364258.425
Q7TSH8,6497.3,8349.8189,6354.527527,8415.72768
Q9CQ54,65874,63969.24344,66753.35589,69788.43077
O08547,61082,60050.71113,62656.60306,64708.52691
P14115,7060.6,8558.488709,7753.730197,8237.1176
Q61016,7639.4,6694.796515,7974.725515,7454.730627
Q9CYG7,22885,20647.16087,25005.30753,21992.61679
P21278,43838,36349.96228,45576.37528,41553.5961
F6YP92,14434,13915.88696,16611.13395,13931.23829
Q9Z0H4,37569,36555.44629,41044.40761,37975.30452
Q80VM5,143670,138410.207,151856.099,147699.1397
Q9JL56,17637,15453.67196,17710.89838,17712.23883
Q08642,12285,11706.21704,13508.59944,12195.59722
Q99JR1,67363,67784.23729,70181.65001,71946.01966
Q9D2M8,12556,17098.18121,14076.72419,15776.49879
P60041,12897,12606.20515,15172.57952,12367.85634
Q9D892,35611,41818.38562,37855.87256,41661.47555
D3Z637,11273,8517.869777,13141.1426,9212.382579
P08228,154580,147338.4076,161459.4923,159652.8782
E9PYF1,24300,23100.22581,25943.4952,24684.38294
Q99K85,53233,49722.352,51615.95841,56962.08679
Q78YZ6,18477,15981.55879,19020.45201,18170.72647
E9Q0X0,22430,19532.13135,21887.13656,22960.05181
A0A087WQU5,15789,17480.47704,18477.08498,16652.58428
P70168,97964,90922.69269,101421.9964,100240.884
Q9CQQ7,165760,148260.6963,176301.1,162715.2624
Q8VE47,14231,17004.20015,16475.61795,15990.51769
O88507,18166,16610.75402,18937.05755,18346.46556
O55135,17290,18514.26869,19086.90697,18602.24425
A0A0J9YTY0,58536,50181.107,59654.40251,57787.71254
Q8BG51,3881.6,3865.010889,4179.626078,4053.570134
O55131,340230,313976.3832,358830.7237,343778.7304
D3Z7E5,21521,23536.68022,22724.99027,24234.59525
P24288,62124,60829.6389,63562.21477,66508.54765
Q9D2N4,8744.6,11559.51101,9037.092749,11351.70157
Q14BB9,8015.8,7583.952911,8276.248608,8361.265961
P12961,25425,22611.20572,27401.59521,24778.34245
A0A1L1SQA8,43665,41827.94301,48733.6374,43482.37618
Q3TFP0,12712,11925.87785,13730.11597,12795.89413
Q9R0N7,25793,25696.65169,29498.18405,25895.4167
P62631,98261,97399.42129,101782.9381,105478.2571
A2AEG6,21804,25328.69195,24459.33443,24696.56288
A2AFG7,30587,29208.99467,35399.64511,29617.25755
O88441,7888.1,6504.922917,8370.588591,7442.46369
D3Z5I6,8312.1,8501.462914,9212.74233,8706.915181
Q6PER3,132280,133515.2274,142356.9488,140199.7783
P14094,220470,227864.2465,230833.2584,241632.5562
F7BHM8,11361,8861.776738,11745.32783,10587.8455
Z4YL78,25883,23703.93465,28543.05688,25348.18952
P15209,54701,54623.70318,59090.18687,57524.97389
Q9CZ30,58714,58634.62365,61013.47159,63379.17376
F6QH34,25519,34562.72926,28318.93427,32566.54236
B2RQS1,11691,12820.76869,13049.92991,12807.20408
P56812,28792,23289.78083,30266.97673,27142.99028
Q3UHD6,22202,20895.65316,23454.6918,22871.31227
D6RI64,35979,49728.7236,39440.36729,46998.02808
Q9DC70,69172,65077.90136,73632.09578,70928.99489
H3BLI9,16150,12547.90503,16779.2259,15025.69266
Q80WJ7,37604,35811.56232,40031.94674,38874.87989
Q60931,56397,58284.1858,58085.54424,62771.04689
Q9QZQ8,9998.8,9163.312578,10941.61372,9897.939051
P60766,43628,37108.18235,47295.08297,41517.92629
Q8BP67,47113,35266.79075,54357.55128,39374.25732
P16125,143500,151215.5245,151295.7925,159504.979
Q8CGY8,59837,52309.22048,63821.51942,58659.44805
B8JKK2,16511,15992.70908,18563.08552,16623.00443
Q8K0B2,5055.2,5303.080387,5496.997934,5493.673721
Q8CHP8,32620,34280.78608,34470.57871,36180.50376
G3UXK7,10980,9798.879403,11777.77349,10868.85405
P34152,12694,12981.17365,13611.53947,13708.51944
Q62426,20879,23691.19146,22623.35328,24002.30645
Q8BHZ0,8437.7,8129.998795,9302.782286,8607.996691
D3YVF0,136640,125545.9521,147373.6468,137433.1926
P40201,6599.8,6650.036045,7034.713589,7101.512445
E0CXB2,17290,17472.51255,19201.57435,18131.57667
Q9QYG0,86414,82421.38906,92350.24287,89705.23824
Q80UU9,6837.9,5990.57573,7868.267275,6360.102262
A2AGI3,23118,23061.99623,26050.34436,23835.26731
Q9D0R8,19597,17951.97524,21629.13495,19433.95996
A2AWI9,3981.8,3706.358117,4369.869689,4005.80738
A0A0G2JFG4,10289,11137.07411,11528.50223,11269.92199
Q8BKE0,30847,28207.061,31788.92562,32080.21487
Q8BZA9,7067.9,6268.855239,7658.999302,6968.49013
Q80U23,6354.2,6748.955092,7132.832383,6869.31064
E9PV24,19653,17786.31371,16698.43752,22700.79315
Q8C2Q8,112500,129971.0264,119938.1726,133118.0148
Q9JK42,20645,27748.306,23901.63398,25864.09687
F8WHM5,25025,25100.90735,28301.99477,25924.99655
A0A3B2WBC6,28533,28334.49295,29917.76243,30936.17076
Q3UPL0,30751,32267.36135,33825.57469,33486.12763
P61264,281870,280748.5036,295463.9647,306316.7232
Q7TQD2,263940,239810.9913,272308.9718,273839.7904
Q99PL6,49519,43164.38554,53530.12187,48559.67004
P27661,21940,47957.41956,25731.09994,40102.44357
P62082,10747,10269.42186,12203.34584,10785.33448
P61294,32134,35109.09372,33665.30096,37177.51863
D3YVB4,29138,29967.21474,33170.14635,30676.91209
Q3U556,12462,10013.44294,13593.29693,11580.51039
Q3UND0,12066,11779.80899,12796.61924,12902.03359
A0A286YE75,6106.4,6876.227747,6676.899235,7028.69382
Q3B7Z2,19672,23703.93465,21298.16319,23867.45714
Q8BGC9,25873,24807.81387,27544.92944,27306.54944
Q7TPM6,11766,10353.36765,12227.58235,11992.01827
Q921M7,182550,194477.0769,193110.2958,207285.133
Q8CGP1,166240,210421.999,199039.1207,196427.5889
Q3UZI5,37342,30046.85971,49355.18673,29094.39024
A0A087WSB5,33207,32014.09036,36045.95218,34790.25092
P62274,23610,17188.97647,26065.98082,20591.924
Q80T41,13543,13277.13434,14745.18291,14374.06601
P46096,117810,116311.9148,125263.6907,127645.7429
P48758,69752,70691.27853,73384.51848,77464.40125
Q9Z1Q9,22371,20123.097,24028.02871,22748.6429
Q8VBY2,7116.8,7021.978034,7777.315192,7580.966977
Q921I1,47741,46560.44687,46398.59253,54384.29006
P34884,27225,26276.46704,29242.78852,28980.42082
A0A2I3BQ74,15400,15642.27124,17184.47086,16514.25499
A0A1B0GRZ3,7576.8,7494.750549,7923.907016,8340.386068
Q91VA6,15432,21550.33478,19171.60447,19342.61043
Q80X80,34436,35491.38955,37213.47461,38167.57353
P43024,9328.7,13218.35635,9467.746952,13278.74165
A0A1L1SSY1,16544,12547.90503,17892.02073,15210.13171
Q9D823,29279,29616.77689,32888.69005,31339.84868
A0A494BBP6,6721.7,8229.714292,8380.100771,7643.171657
D3Z1R9,3069.3,3113.003124,3428.163814,3305.460985
D3YZU4,59013,58480.11241,62220.08518,65296.64389
Q6DG52,4275.7,4770.574147,4916.885224,4837.523099
Q9DBJ1,230570,270426.5161,260125.5624,273674.4913
Q9WV69,78513,69251.29756,86214.23489,78762.43457
Q91XV3,311790,275348.5749,331975.1016,320123.5522
A0A0N4SVQ1,54064,56668.9859,54103.45878,64142.15983
Q99KX1,41132,47216.72138,46272.1978,48269.09154
Q922D4,14220,11990.70886,15181.70078,14208.76686
D3Z0S6,17868,17491.62734,19532.54611,19260.83086
H7BX88,13173,11397.83173,14513.24207,13075.1627
A0A3Q4EC97,37330,48178.83257,45783.55839,45111.00779
Q64516,31108,33570.35298,34951.39989,35166.08898
Q9ESW4,10000,9570.776222,10322.27956,11055.90309
P43006,417390,398607.1236,461249.5446,440574.4322
F7APP3,9714.7,9767.499287,10870.07691,10510.4159
P03899,7662.4,8745.017219,9095.208263,8680.641317
F2Z3Z1,86472,75423.78239,89711.59005,90218.5356
Q60864,160930,153657.4392,178425.0527,169770.9261
A0A1D5RM94,29756,29132.5355,31220.80086,33080.70972
Q8R071,85083,81718.92047,96663.30009,88652.54366
Q9D898,43587,57559.41661,49220.97377,56694.12817
O54734,9195.7,10239.95322,11310.63421,10011.03847
Q9Z0H8,52230,48975.28222,56379.86693,55717.1232
Q6ZWN5,24529,25478.42448,27668.71809,27122.98039
P26039,9505.5,8546.701255,10537.80211,9697.840081
P26339,17288,21085.20818,20896.82735,20412.70493
D3Z7C0,3622.4,3426.326418,3476.636844,4180.589481
F7CZ64,47736,43473.408,54443.55181,48170.78204
A2AQE4,20585,16852.87471,21898.86391,20487.52454
Q9DBT5,11774,12934.18312,13754.8737,13233.50188
Q9DB41,10372,9754.756092,12016.62043,10567.8356
Q8C845,56779,60812.11701,62523.69314,65301.86386
Q6PDY2,13454,15257.42676,13977.69327,16638.66435
Q9D415,29393,25774.70376,33257.44993,29290.13923
Q9CZD3,12494,10409.597,13621.96378,12420.05607
Q8CIP4,10187,22596.86963,13021.65397,18867.59288
G3UWN9,14065,14389.29664,16003.91804,15438.94053
Q8BTG7,10126,7898.869105,10786.16124,9861.399239
E9Q704,4073.1,4273.270982,4364.396928,4728.773659
B1AXY0,26539,25034.00558,27150.10879,29757.32682
Q8CEF1,22635,22909.07789,23514.63156,26259.07483
S4R1E5,6281.6,6039.796318,6692.796304,6952.308213
Q9D0J8,74165,80313.98327,86040.93078,83828.4185
Q9CR86,20259,18628.95745,19411.36354,23285.43014
Q99L04,24810,23514.37963,28652.51211,25758.82741
A0A1D5RLG0,21589,18155.86635,23614.96552,21669.84845
Q91ZZ3,189720,156325.5455,207730.387,188049.532
Q9D2H5,17325,17316.40841,21717.74157,17524.31979
Q8C3W1,6321.7,5404.707363,7596.323154,5971.91026
Q8K1M6,16187,15093.51742,18070.53699,17125.86185
E9PWK7,5150.2,5636.474213,5786.533074,6027.502974
Q6A0A9,19107,16997.82855,21947.07633,19269.53081
Q8CGF6,20325,18319.93498,21887.13656,21720.3082
Q91ZJ5,57822,51758.07732,65110.22443,59658.20291
Q60634,70400,70017.48213,73354.54859,81671.6996
Q99L47,34174,30515.17211,37277.3235,36086.54425
Q00612,47952,51710.29034,46508.04776,60900.55652
Q91X97,17991,19301.16095,19854.39661,21187.87094
A0A0J9YVF0,36813,39414.70056,42953.35891,41767.615
Q61282,22790,22259.17498,25604.70521,24982.7914
Q9WVA3,20430,19673.89939,23556.32879,21814.26771
A2AKJ9,27927,23410.84118,31236.43732,27970.35602
A2AS47,25171,22800.76074,30350.37119,24977.57143
Q9CR95,15435,16637.83331,17465.92716,18011.51729
Q66JT0,6625.4,8052.265308,7693.920732,8261.564474
Q3UHG5,2895,2652.018063,3271.668898,3046.724317
P52196,11338,14251.67014,13844.78335,14059.99763
B2RWC4,15212,18496.7468,18228.20464,18650.96399
Q99LP6,35521,29685.27156,40809.86069,34999.04984
D3Z396,42813,40243.0082,47227.32497,46727.45947
Q8BVA5,13356,16156.77771,16274.95003,16161.90681
Q8CCT4,38025,33678.67014,43561.87786,38981.88934
E9PY16,24587,24100.56658,27716.93051,27193.45002
Q3UA72,18099,24392.06715,22025.25864,23739.5678
Q3UHK1,7881.8,6184.909446,9038.526092,7512.759328
P70451,12839,18944.35151,18110.93118,16389.84563
A2AST1,37025,39185.32306,43161.84506,42206.09275
F7BNZ5,66198,72529.48434,68698.79227,83027.15262
P54227,260730,247552.482,285717.2372,289821.6082
P42859,6539.1,5139.808208,7134.396029,6543.584317
Q9CZC8,3558.7,3674.500131,4054.664692,4111.772835
F6WMY5,13024,11989.91241,15667.73412,13446.65078
Q9JKC6,98619,86277.79829,115599.0546,100719.3815
Q923T9,59469,52017.71991,67028.297,62557.02799
Q6GT24,108350,97042.61184,120353.8418,116953.498
Q9EQH3,36991,30795.52238,41645.10832,37910.92485
A0A0R4J1N9,22506,20978.48393,25508.28037,24707.00282
Q8C8N2,17787,21975.6389,21549.64961,22569.42382
P29387,23038,22418.46491,25143.42961,26657.53278
P56376,32447,29801.55321,27323.4129,41712.80528
Q8CGP6,52233,81022.82347,56454.14012,83272.49136
P29595,51502,51869.58027,57486.14656,60397.6991
Q64523,35648,71492.50689,41547.38044,67049.68486
P28661,45610,48768.20531,48714.09182,57239.61536
P09690,6448,6219.475361,7616.259642,7112.996386
Q80TJ1,23651,22163.60102,29107.27252,24830.54219
E9Q9E0,12739,14884.36974,16002.615,15405.0107
E9Q0I8,8769.4,9140.534118,10226.63653,10317.27689
Q8CD54,36413,29779.25262,37892.35764,39887.55468
P41105,11512,10999.92548,13981.60239,12520.97555
F6RN94,32637,26450.09306,37305.99034,33572.25719
O08599,20586,18436.21663,23510.72245,22545.93395
Q9DCJ5,48955,36211.38004,54900.9183,48753.67904
Q8CCN5,4188.7,3887.948639,4719.344597,4765.40047
F6UK66,12746,13175.18878,14238.30096,15633.81953
A2AUE1,14382,12635.99237,17008.56067,15343.24102
E9PUL5,55993,63840.2186,64977.31451,71882.50999
P28658,13215,10317.68671,15868.40204,13115.18249
Q9DCB4,15356,14971.66063,18767.66255,17289.421
Q5U458,26513,28358.38644,32415.6871,31818.34622
Q99MD8,8438.6,7498.892088,9856.834228,9353.321854
D3Z1B6,3586.9,3276.116013,3605.767952,4453.855074
A0A286,18971,16395.71261,23553.72272,19869.82772
Q9ER00,10976,11279.16073,13228.44617,13221.32194
A0A0N4SV74,18483,20097.61061,22958.23415,22673.82329
F6QA74,30389,24610.29436,33841.21115,33546.15732
E9Q3T7,10023,10104.2382,11189.58194,12581.00524
Q9CY64,5244.1,4818.998286,6417.985499,5857.505849
F6V035,13390,13939.46187,16121.1915,16409.85553
Q8K310,36955,40854.68153,47318.53766,45416.37622
F6QK86,8528.8,11656.99645,10355.24643,12617.54505
Q8C115,5263.1,4712.751902,6409.255141,5864.291814
A0A1Y7VLV0,10080,15075.99553,11608.8997,16382.01567
D3YUW2,28049,26459.65046,34527.9124,32204.62423
P27046,6968.2,5438.795408,8154.153907,7404.531885
P06837,67122,57097.47581,79646.92119,74316.75746
P03911,2791,2164.909454,3383.990811,2887.863135
P56379,7345.6,17295.70072,11115.17844,15174.46189
P04264,129810,136753.5917,114271.2584,191520.8142
E9Q7F8,17840,19111.60594,22477.41297,22190.10578
F8WI64,5597,8203.272163,6173.665792,9352.451858
F6X7Q6,9652.5,10024.75253,11527.06889,12433.976
Q5DTT2,22482,25104.09315,30101.49084,28212.21478
A0A0N4SW58,11509,10298.25334,14496.30257,13030.79292
P62141,14254,18096.92908,19128.6042,19625.35898
G3UZJ8,12142,28578.20654,19642.00134,25118.5107
D3Z4A2,4499.3,2890.15651,5191.696029,4595.403345
Q5I012,12317,12062.07074,15511.36951,15124.00215
Q811P8,9444.9,6493.454042,11617.76037,9582.130676
Q8R404,20456,19124.34913,25650.31156,24529.52373
A0A0G2JDP9,10438,8547.656994,13397.84117,11515.26073
Q6V5K9,9071.4,8863.528928,12875.97428,10823.61429
A0A0R4J239,5998.3,5533.254337,8061.638178,7214.524863
O35136,11816,19911.24139,19265.42323,19543.5794
A0A0A0MQP0,9999.9,9544.971253,13623.26682,12661.91482
Q8VGY4,801.11,945.7521081,1106.761754,1164.750004
P02089,19394,19559.21064,20328.7026,29869.55625
E9Q9F6,34778,26982.12143,45971.19592,40999.40896
P62897,16721,14366.04031,22801.86954,20604.10394
E9Q9C5,12948,11108.40193,19300.60527,14911.72324
P35527,92380,99490.89808,70446.16681,174529.8016
P07724,259950,283504.2194,296428.2132,434910.7613
Q9Z0P5,8515.9,6916.20952,9677.275532,12252.14693
Q91VL9,12746,8147.202107,16710.16487,14963.05298
Q80XH4,4711.8,5811.533847,6987.413294,7703.114348
Q8K0E8,2276.8,2669.699246,2150.404326,4442.023135
A0A0R4J0X5,22431,30311.28099,28673.36072,43690.30511
P02088,102010,101736.8861,104069.7705,194783.2974
P52825,10574,9655.040595,14407.69596,18368.21545
Q91VB8,88498,89536.87029,95679.50607,199072.3753
Q8C7E9,3149.2,3841.435979,5844.38798,7827.871706
